Date,r_SGP
2015-01-05,-1.9926366064123056
2015-01-06,-1.871215462044874
2015-01-07,0.18617496530696268
2015-01-08,2.3145166330733105
2015-01-09,-1.072246405774708
2015-01-12,0.008248679986534965
2015-01-13,-0.10558802077288197
2015-01-14,-0.8174182163918994
2015-01-15,0.48595052661686416
2015-01-16,-1.1419514872171568
2015-01-19,-0.4682161149575281
2015-01-20,1.1390584008320737
2015-01-21,0.3842462895986863
2015-01-22,0.40631186746792486
2015-01-23,0.6976332638324424
2015-01-26,-0.8901105564287359
2015-01-27,0.04255314031343732
2015-01-28,0.3601015900872633
2015-01-29,-0.23820470524905826
2015-01-30,-0.7808307014054447
2015-02-02,0.6896125498841048
2015-02-03,-0.7597483203913322
2015-02-04,0.635413931992595
2015-02-05,-0.5923050835763036
2015-02-06,0.3376400088011983
2015-02-09,0.26347500452975775
2015-02-10,-0.002579004011934597
2015-02-11,0.07380367219296273
2015-02-12,-0.6658430809495495
2015-02-13,-0.32566081402918395
2015-02-16,-0.23586230723402465
2015-02-17,-0.33497246133669073
2015-02-18,0.3867210590655001
2015-02-23,0.3974742890909228
2015-02-24,0.4476254671775803
2015-02-25,0.27737421704301507
2015-02-26,-0.43190057984652813
2015-02-27,-0.43603873669140764
2015-03-02,-0.7995899362316842
2015-03-03,0.35909989719692365
2015-03-04,0.18557550972802586
2015-03-05,-0.2585456960889924
2015-03-06,0.358669566207189
2015-03-09,-0.09031849387379254
2015-03-10,-0.020263141041192773
2015-03-11,-0.6473291158991293
2015-03-12,-0.31638824969078233
2015-03-13,-0.1522067439434396
2015-03-16,0.4516931883354034
2015-03-17,-0.17113794463315155
2015-03-18,0.1672237175524193
2015-03-19,0.5949463562671554
2015-03-20,0.8208061069306783
2015-03-23,0.42545375580855876
2015-03-24,-0.1012908611673714
2015-03-25,0.28236217779062567
2015-03-26,0.49223478122855907
2015-03-27,0.48237589375832063
2015-03-30,0.05525696315100101
2015-03-31,-0.6157338075195113
2015-04-01,0.15298584256129805
2015-04-02,0.2996620519414398
2015-04-06,0.10616166042559472
2015-04-07,0.24440567527800208
2015-04-08,0.3957911741362379
2015-04-09,-0.3005988394998768
2015-04-10,-0.21889070304186645
2015-04-13,0.2539463939756536
2015-04-14,1.3716995786940582
2015-04-15,0.8705468026403983
2015-04-16,0.3271410525639356
2015-04-17,0.39431058027843097
2015-04-20,-0.5495847212155381
2015-04-21,-0.24759679928351405
2015-04-22,-0.0735633698086106
2015-04-23,0.6599295683970943
2015-04-24,0.5357019285633499
2015-04-27,0.7375604897103906
2015-04-28,0.03920380197486948
2015-04-29,0.2931302838185898
2015-04-30,0.09634225049597196
2015-05-04,-0.49932289530695745
2015-05-05,-0.6317044681970241
2015-05-06,-0.03555739806329846
2015-05-07,-0.5527075245574106
2015-05-08,0.4780879225923189
2015-05-11,0.6467748519204677
2015-05-12,-1.2376628369657305
2015-05-13,0.16247676959216514
2015-05-14,0.13226940920670252
2015-05-15,0.26045715453217455
2015-05-18,0.2181639997598522
2015-05-19,-0.154366347389602
2015-05-20,-0.359640130618556
2015-05-21,-0.1468317392696293
2015-05-22,-0.2524106530561017
2015-05-25,0.0771108716301711
2015-05-26,-0.10251008370080601
2015-05-27,-1.287627455839946
2015-05-28,-0.48342561690478414
2015-05-29,-0.9271050685532679
2015-06-02,-2.1943997484513926
2015-06-03,0.7433527183302037
2015-06-04,0.42867342916757784
2015-06-05,-0.2272480971762214
2015-06-08,-0.4550673835248033
2015-06-09,0.755569759650122
2015-06-10,1.5215897458009102
2015-06-11,0.6931594496895369
2015-06-12,-0.1074372303824538
2015-06-15,-1.3059902384062065
2015-06-16,-0.647249707904034
2015-06-17,1.127741321279831
2015-06-18,-0.6385761960384476
2015-06-19,0.14899731998788926
2015-06-22,0.7075451305629702
2015-06-23,0.7208688776742053
2015-06-24,0.28761242584143104
2015-06-25,0.36592413006472313
2015-06-26,-1.5436948181131218
2015-06-29,-1.0572975079579936
2015-06-30,1.1438250663831702
2015-07-01,-0.28252359341657224
2015-07-02,0.20732201127447034
2015-07-03,1.0645426548573165
2015-07-06,-0.10856697827682753
2015-07-07,0.2890738137166571
2015-07-08,-1.5356112846226881
2015-07-09,-0.551667994277994
2015-07-10,0.15584639033113187
2015-07-13,1.0185567026366862
2015-07-14,0.15872826801116638
2015-07-15,0.6774545917518374
2015-07-16,0.8043225874426878
2015-07-20,0.35234179037245655
2015-07-21,-0.006502000494515238
2015-07-22,-0.2464845010979673
2015-07-23,0.3753512833877179
2015-07-24,0.08084771243871891
2015-07-27,-1.202310296562813
2015-07-28,-0.6222475048006127
2015-07-29,0.21326618731466787
2015-07-30,-0.7190032390365788
2015-07-31,-1.3913975786005344
2015-08-03,-0.32871367021197845
2015-08-04,-0.3576898540226578
2015-08-05,-0.4835549016959224
2015-08-06,0.11704397970198167
2015-08-07,0.0
2015-08-11,-2.461403811029158
2015-08-12,-4.705848007264369
2015-08-13,1.9100338366907177
2015-08-14,1.0669449550525085
2015-08-17,-1.973993855226848
2015-08-18,-0.2101504164058341
2015-08-19,-0.5400178480182177
2015-08-20,-1.2516990744900134
2015-08-21,-1.9790786806259284
2015-08-24,-3.677082302012876
2015-08-25,2.6851009386327145
2015-08-26,-0.540323401131791
2015-08-27,2.519269481566965
2015-08-28,-0.4031586610360491
2015-08-31,-1.724952870625774
2015-09-01,-1.272974048152222
2015-09-02,0.5208727250210702
2015-09-03,1.1021269489442536
2015-09-04,-1.5019135719201913
2015-09-07,-0.22754666855946037
2015-09-08,1.3519583763954286
2015-09-09,1.8902506288766492
2015-09-10,-1.4492318454360837
2015-09-14,-0.2825703090412081
2015-09-15,-0.8168480160350923
2015-09-16,0.10630657308145301
2015-09-17,0.8062245221049894
2015-09-18,-0.8177954513057132
2015-09-21,-0.48266995637097443
2015-09-22,-0.009515313387109795
2015-09-23,-1.3586724383789754
2015-09-25,-0.5397574318509969
2015-09-28,-1.488148376921284
2015-09-29,-0.42263939304677284
2015-09-30,-0.13725081519668195
2015-10-01,0.25078164220907023
2015-10-02,-0.9803698359374807
2015-10-05,1.9960057294756741
2015-10-06,1.7057786524973633
2015-10-07,3.1926963155155885
2015-10-08,-0.2768502468824585
2015-10-09,1.5502578398770022
2015-10-12,0.5216275896970405
2015-10-13,-1.2385764449226742
2015-10-14,-0.5561220969714121
2015-10-15,1.2484944538310263
2015-10-16,0.7707073548944153
2015-10-19,-0.06485887851446467
2015-10-20,-0.41040180069290866
2015-10-21,0.36592666293818565
2015-10-22,0.09930897040157931
2015-10-23,0.9696764725132178
2015-10-26,0.08918317908695039
2015-10-27,-1.500451631485346
2015-10-28,-1.2473936985345933
2015-10-29,-0.6010738752751614
2015-10-30,0.17925168185640375
2015-11-02,-0.5325802608427409
2015-11-03,1.5671239302637343
2015-11-04,0.9793564671074632
2015-11-05,-0.7877129474311354
2015-11-06,-0.6164004907122493
2015-11-09,0.34278489030552445
2015-11-11,-0.2967102397703081
2015-11-12,-0.906819922838352
2015-11-13,-0.7058958101930936
2015-11-16,-0.23474795507868007
2015-11-17,-0.05738193272053103
2015-11-18,-1.253732496930022
2015-11-19,1.5011414591451377
2015-11-20,-0.2712142011831432
2015-11-23,-1.0695616617118715
2015-11-24,0.6097716579611293
2015-11-25,-1.09272391556832
2015-11-26,-1.0248558496842042
2015-11-27,-0.3081658672670586
2015-11-30,0.03636580210598139
2015-12-01,0.2038355349404588
2015-12-02,0.7497444094600114
2015-12-03,-0.40963046720684226
2015-12-04,0.07387422274513529
2015-12-07,0.7855684486085878
2015-12-08,-0.755638256484357
2015-12-09,-0.6063387700281653
2015-12-10,-0.47942080945753923
2015-12-11,-0.3348567402734129
2015-12-14,-0.494132304099075
2015-12-15,-0.04403428746551303
2015-12-16,0.7169970393147905
2015-12-17,0.5203751905403691
2015-12-18,-0.7354609410016063
2015-12-21,0.5111721975580051
2015-12-22,-0.07366418082656273
2015-12-23,0.8345800814021818
2015-12-24,0.5207929298719568
2015-12-28,-0.024490493604651692
2015-12-29,0.4338168231198804
2015-12-30,0.0072986263528726225
2015-12-31,-0.14657986158358466
2016-01-04,-2.336552243643256
2016-01-05,-0.20097326041861666
2016-01-06,-0.8236433474060393
2016-01-07,-2.5062679502463534
2016-01-08,0.21604984889297266
2016-01-11,-1.4227236559001317
2016-01-12,-0.6491684440113181
2016-01-13,-0.17040491369158772
2016-01-14,-2.246587772253731
2016-01-15,-1.2188159058224397
2016-01-18,-2.6280530779162903
2016-01-19,1.9838484463615609
2016-01-20,-2.968279686776805
2016-01-21,-1.0815289885031134
2016-01-22,1.9522922631646182
2016-01-25,1.5926513929198969
2016-01-26,-2.272815656879825
2016-01-27,-0.6052440378252114
2016-01-28,-0.0028530995752476342
2016-01-29,3.4718512563843924
2016-02-01,-2.0748562183079913
2016-02-02,-1.8141828961542652
2016-02-03,-1.0045830448330373
2016-02-04,0.42081865280418135
2016-02-05,1.973785962295672
2016-02-10,-1.6952938037080922
2016-02-11,-1.2059677280778096
2016-02-12,-0.14702869639030838
2016-02-15,2.32454816212713
2016-02-16,1.152102842433455
2016-02-17,-1.3143162648580267
2016-02-18,1.3945788016587854
2016-02-19,-0.27557017580753934
2016-02-22,-0.46597805167945444
2016-02-23,1.0790070335605355
2016-02-24,-1.5834107494692204
2016-02-25,-1.2755162673951659
2016-02-26,1.82312421592291
2016-02-29,0.37756713822895965
2016-03-01,0.8335177740899639
2016-03-02,2.683173148962665
2016-03-03,3.2670078724500304
2016-03-04,2.6963952374091265
2016-03-07,-0.44007503125525865
2016-03-08,-1.258583323018395
2016-03-09,1.0063531899073819
2016-03-10,-0.12764467208776456
2016-03-11,0.8655890000733176
2016-03-14,1.1174863845788519
2016-03-15,-0.29914660129527587
2016-03-16,0.33064319314615204
2016-03-17,2.028698027929637
2016-03-18,1.3452132018009253
2016-03-21,-1.6534126794044834
2016-03-22,-0.4179072550285754
2016-03-23,-0.028859195142741944
2016-03-24,-1.7906305440075194
2016-03-28,-0.8333524822921246
2016-03-29,-0.12373172460775406
2016-03-30,2.1381191090932012
2016-03-31,-0.9662364254021613
2016-04-01,-0.6408708895901787
2016-04-04,0.11187957214792617
2016-04-05,-1.1276416711032022
2016-04-06,0.14988354660913725
2016-04-07,0.5462652504343816
2016-04-08,-0.7065215469579321
2016-04-11,0.5269218921931321
2016-04-12,0.2571212362800067
2016-04-13,2.7468254756256516
2016-04-14,1.6392300952897212
2016-04-15,0.2605709683464955
2016-04-18,-0.4229510753229874
2016-04-19,1.4211440422686257
2016-04-20,0.06713002602487643
2016-04-21,0.027485711877616965
2016-04-22,-0.5752205853930957
2016-04-25,-0.8467805543601146
2016-04-26,-0.4120731997485419
2016-04-27,-0.7103454775817895
2016-04-28,-0.7320384631548515
2016-04-29,-1.2827465590495872
2016-05-03,-0.8605141630231463
2016-05-04,-0.47230115899320185
2016-05-05,-0.7903587402060946
2016-05-06,-1.3255087308032867
2016-05-09,0.655544957121455
2016-05-10,-1.0456955615269723
2016-05-11,-0.49498917266651415
2016-05-12,0.6028817691766585
2016-05-13,0.4190047040666362
2016-05-16,-0.5398186818644545
2016-05-17,1.7479155342205555
2016-05-18,-0.087155770218167
2016-05-19,-0.6621367400297437
2016-05-20,0.7389027054202423
2016-05-23,0.4791973341510367
2016-05-24,-0.666794191298744
2016-05-25,0.8274226868862401
2016-05-26,0.17656053995272972
2016-05-27,1.0039182357156566
2016-05-30,-0.01751531405849714
2016-05-31,0.1827295062564075
2016-06-01,-0.08431916455822419
2016-06-02,0.09498115010746977
2016-06-03,0.3281737883332491
2016-06-06,1.4388436440352557
2016-06-07,0.7025030805292941
2016-06-08,0.634222928894319
2016-06-09,-0.8662348340470724
2016-06-10,-0.5210637841667257
2016-06-13,-1.86327250272963
2016-06-14,-0.5088920800497977
2016-06-15,0.3677616711508788
2016-06-16,-1.0454050762403817
2016-06-17,-0.037233682775953326
2016-06-20,2.190663515618756
2016-06-21,0.05479108440038142
2016-06-22,-0.27118772818415776
2016-06-23,0.25504169666954585
2016-06-24,-2.4729781930698977
2016-06-27,-1.1523726899564375
2016-06-28,0.4375836637646398
2016-06-29,1.3972352764098952
2016-06-30,2.109170697790377
2016-07-01,0.28267942947919006
2016-07-04,0.2815120817179916
2016-07-05,-0.057667024728682216
2016-07-07,-0.7319177958785756
2016-07-08,-0.20272925330250532
2016-07-11,0.7823089339834449
2016-07-12,0.6978607268120288
2016-07-13,0.5851280020403928
2016-07-14,-0.2319535161834034
2016-07-15,0.8298734083543245
2016-07-18,0.740946606307039
2016-07-19,-0.6137316066037478
2016-07-20,0.7487657738634287
2016-07-21,0.13954125837460982
2016-07-22,0.06715278904132348
2016-07-25,-0.9580319370117037
2016-07-26,-0.08452724248347183
2016-07-27,0.302012919651442
2016-07-28,-1.4022111216380626
2016-07-29,-2.6711656362649054
2016-08-01,0.2878602470734542
2016-08-02,-1.0959103540543
2016-08-03,-0.6485010194656139
2016-08-04,-0.2335544160533349
2016-08-05,-0.5244267113269128
2016-08-08,1.423815890724039
2016-08-10,-0.19098399269526442
2016-08-11,-0.4796065083350001
2016-08-12,0.17477987531879338
2016-08-15,0.6581153042335345
2016-08-16,-0.3803648385069794
2016-08-17,-0.23460616478099475
2016-08-18,0.011191041480213715
2016-08-19,0.34316980692370613
2016-08-22,0.07046529752402265
2016-08-23,0.5388846947462061
2016-08-24,1.404009600458459
2016-08-25,0.6561544145666215
2016-08-26,-0.621317270886713
2016-08-29,-0.40238585701721513
2016-08-30,-0.03160420176019108
2016-08-31,0.0001080284490562929
2016-09-01,-0.04629629844868407
2016-09-02,0.11661791501428921
2016-09-05,1.4248478479926565
2016-09-06,1.5139166287117494
2016-09-07,0.3873058659597331
2016-09-08,0.2909023052935303
2016-09-09,-0.5517530381879949
2016-09-13,-1.5359450029513055
2016-09-14,-0.32411728139505974
2016-09-15,-0.31823974327972887
2016-09-16,1.2264108286718953
2016-09-19,-0.21561965225721247
2016-09-20,0.436272614053595
2016-09-21,-0.34352470466084245
2016-09-22,-0.04992586329417287
2016-09-23,-0.13932809956720552
2016-09-26,-0.22461978243748568
2016-09-27,0.4664028995349214
2016-09-28,-0.13595609405015385
2016-09-29,1.1557426967438331
2016-09-30,-0.5391134141262739
2016-10-03,-0.1398982983506952
2016-10-04,0.1487559229682893
2016-10-05,-0.025414223152444775
2016-10-06,0.2057310849984133
2016-10-07,-0.061995420272586
2016-10-10,-0.0659418213998864
2016-10-11,-0.17245720326973138
2016-10-12,-1.2099475716030772
2016-10-13,-1.1992675024985056
2016-10-14,-0.12174065768008636
2016-10-17,-0.03355972730988207
2016-10-18,0.7775405703455353
2016-10-19,0.5163003191901246
2016-10-20,0.2680387646111126
2016-10-21,-0.31518157193712143
2016-10-24,0.8223746117148822
2016-10-25,0.025472394698275645
2016-10-26,-0.8264454808864573
2016-10-27,0.3640655339807277
2016-10-28,-0.9740232234925447
2016-10-31,0.4117556901150083
2016-11-01,-0.050388479166490696
2016-11-02,-0.2955900510611519
2016-11-03,-0.29422674288710976
2016-11-04,-0.3218692538654082
2016-11-07,0.6522545857204495
2016-11-08,0.7633452932828506
2016-11-09,-0.9693523538856729
2016-11-10,2.4833269623968666
2016-11-11,1.0036568021782848
2016-11-14,0.039642413188874896
2016-11-15,1.2475113502659994
2016-11-16,0.09566799108949975
2016-11-17,1.1636572026680747
2016-11-18,0.514651256806159
2016-11-21,-0.338642409557296
2016-11-22,0.08747726429751246
2016-11-23,1.0524644367455824
2016-11-24,0.033807472018454264
2016-11-25,0.8738757351547979
2016-11-28,1.369450587671322
2016-11-29,0.029545030775207915
2016-11-30,1.1463914327962883
2016-12-01,1.3182502304320298
2016-12-02,-0.17857750232951886
2016-12-05,0.6851749518212417
2016-12-06,0.683353774000634
2016-12-07,0.4000870603913919
2016-12-08,-0.04231339425795718
2016-12-09,-0.8932237019618352
2016-12-12,-0.6762055844730933
2016-12-13,0.7792413728068737
2016-12-14,0.542116159173108
2016-12-15,-0.8570542126832345
2016-12-16,0.34230670778615163
2016-12-19,-1.0419974721816758
2016-12-20,-0.334200582295538
2016-12-21,-0.19747277650297232
2016-12-22,-1.1504854190745526
2016-12-23,-0.33768020784285985
2016-12-27,0.4747975242744516
2016-12-28,0.1964808241429741
2016-12-29,-0.2950286979007756
2016-12-30,-0.4277695525489848
2017-01-03,0.20131990303348732
2017-01-04,1.1664117388426656
2017-01-05,1.2379430366731372
2017-01-06,-0.3562761000986478
2017-01-09,0.6020532284132231
2017-01-10,0.8949269677021036
2017-01-11,-0.27732114753146847
2017-01-12,-0.032206647774600215
2017-01-13,1.0674955182626913
2017-01-16,-0.07274790541332919
2017-01-17,-0.040646820020283664
2017-01-18,-1.0234585445933844
2017-01-19,0.43010174219111463
2017-01-20,-0.1466906934864358
2017-01-23,0.7098097809121916
2017-01-24,0.6636490830119083
2017-01-25,0.2429146095757956
2017-01-26,0.6205678877981032
2017-01-27,0.3467199890700303
2017-01-31,-0.6891439354501389
2017-02-01,0.25492627718189514
2017-02-02,-0.8434582500424804
2017-02-03,-0.7260837516731903
2017-02-06,1.0077752660361106
2017-02-07,0.6894381909476385
2017-02-08,0.013250397772066337
2017-02-09,0.18005809447773924
2017-02-10,0.6622288651158955
2017-02-13,0.1485010207774427
2017-02-14,-2.8045097216926558
2017-02-15,0.03188777947390449
2017-02-16,0.6743088520347275
2017-02-17,0.9251487196888676
2017-02-20,-0.4303980805820176
2017-02-21,0.257804711660466
2017-02-22,1.8428094466077383
2017-02-23,0.37022725051343036
2017-02-24,-0.4726138097426018
2017-02-27,-0.48863905893409026
2017-02-28,-0.5579266338795764
2017-03-01,0.49843242170144325
2017-03-02,0.28437987991188846
2017-03-03,-0.12068675056258121
2017-03-06,0.08335773923735885
2017-03-07,0.025657674531873675
2017-03-08,0.7871260226178647
2017-03-09,-1.2404722427525285
2017-03-10,0.2157827075773242
2017-03-13,0.6448222342668074
2017-03-14,0.2513873636532633
2017-03-15,-0.04705518405479805
2017-03-16,0.3292174283741333
2017-03-17,0.39770766226119014
2017-03-20,-0.467823111258332
2017-03-21,-0.14379396741886386
2017-03-22,-1.5937533298952244
2017-03-23,0.2637913248102124
2017-03-24,0.7551934789136627
2017-03-27,-0.1906588991571843
2017-03-28,0.9073607909823393
2017-03-29,1.0121384189810259
2017-03-30,0.013255483627272177
2017-03-31,0.3425259872114264
2017-04-03,0.22020080568943015
2017-04-04,-0.6041527958550442
2017-04-05,-0.19418373977106826
2017-04-06,-0.21498325095917412
2017-04-07,-0.2522828779820763
2017-04-10,0.12556291099417405
2017-04-11,-0.1556740089664107
2017-04-12,0.6424386032382484
2017-04-13,-0.5746639574803168
2017-04-17,-1.0122893610237593
2017-04-18,-0.18111042380409922
2017-04-19,-0.3924471909459492
2017-04-20,0.7795661602515841
2017-04-21,-0.251807889961087
2017-04-24,0.7472951970316265
2017-04-25,0.6815055866984207
2017-04-26,0.5463951967584947
2017-04-27,-0.6119873269567119
2017-04-28,0.9551971214021613
2017-05-02,2.9688841262089625
2017-05-03,2.8881120288410433
2017-05-04,-0.10977449554671104
2017-05-05,0.21879435495554658
2017-05-08,0.19168439205045776
2017-05-09,0.9966806101307136
2017-05-11,1.5983564171747497
2017-05-12,-0.9647973775119899
2017-05-15,0.4639490883671127
2017-05-16,-1.0278819293085357
2017-05-17,-0.2985064108088163
2017-05-18,-0.11489260551892917
2017-05-19,0.10898267695282905
2017-05-22,0.6411703558512024
2017-05-23,0.33448998027288884
2017-05-24,0.4204137638589273
2017-05-25,0.14838248750250546
2017-05-26,-0.5954636333280342
2017-05-29,0.067420009554185
2017-05-30,-0.8552617425471286
2017-05-31,-0.1150255206475595
2017-06-01,0.8598474912345755
2017-06-02,-0.026371359601862505
2017-06-05,-0.13291837108941332
2017-06-06,-0.002670862040198762
2017-06-07,0.05411234736924283
2017-06-08,0.08529613224430803
2017-06-09,1.0530936828774793
2017-06-12,-0.3939036960891429
2017-06-13,0.7193944499803097
2017-06-14,-0.2978515403955265
2017-06-15,-1.3596196890625134
2017-06-16,-0.16126189770395757
2017-06-19,0.7273177734001766
2017-06-20,-0.5823901358017808
2017-06-21,-0.9235569301279231
2017-06-22,0.5762619594401724
2017-06-23,0.05796346142129544
2017-06-27,0.2327157505967529
2017-06-28,0.09297233475627859
2017-06-29,2.2554859694871143
2017-06-30,-1.254738235385648
2017-07-03,-0.4630020522592931
2017-07-04,-0.4969401770787445
2017-07-05,1.9868691344619451
2017-07-06,-1.3614931212521846
2017-07-07,0.3123976455618663
2017-07-10,0.7411152408890391
2017-07-11,-0.4838780234651982
2017-07-12,-0.1506106339560724
2017-07-13,1.4319978144759407
2017-07-14,0.8870601718410503
2017-07-17,0.8622653261590533
2017-07-18,0.6358983888757307
2017-07-19,0.6851927214602297
2017-07-20,-1.9015876803930787
2017-07-21,0.6148446112869447
2017-07-24,-0.029112545608269202
2017-07-25,0.7886539653296712
2017-07-26,0.7626158231172099
2017-07-27,1.6838224061080325
2017-07-28,-1.910160904691155
2017-07-31,-0.2635394552631844
2017-08-01,0.9521614795358149
2017-08-02,0.5754327121570059
2017-08-03,0.0274015108199618
2017-08-04,-1.6144592289499353
2017-08-07,-0.526502164022198
2017-08-08,0.09090361235545423
2017-08-10,1.088851972643859
2017-08-11,-1.0143760633874799
2017-08-14,1.2772828577982727
2017-08-15,-1.1262261839774983
2017-08-16,-1.0125931788224873
2017-08-17,-0.10430346067359351
2017-08-18,-0.6118522683649084
2017-08-21,-0.02670650165579433
2017-08-22,0.43055032546649685
2017-08-23,-0.33471368188662204
2017-08-24,0.3558869066580774
2017-08-25,-0.47227068968837865
2017-08-28,0.7239205310500024
2017-08-29,-0.4829728080134985
2017-08-30,0.6997474223683922
2017-08-31,0.5557513653576511
2017-09-04,-1.8098831418823647
2017-09-05,1.234402621425765
2017-09-06,-1.0765515842789732
2017-09-07,-0.11974226270505983
2017-09-08,-0.09187783094644307
2017-09-11,-0.11351273128230317
2017-09-12,0.3159564383522669
2017-09-13,-0.3226795753780959
2017-09-14,-0.1958977277649477
2017-09-15,-0.7889785449645587
2017-09-18,1.6072637291240774
2017-09-19,-0.7999273506636871
2017-09-20,0.1665729200216881
2017-09-21,0.47754739097833215
2017-09-22,0.6553788598729563
2017-09-25,0.031862878424589715
2017-09-26,-0.07541017714331234
2017-09-27,1.4011500962569
2017-09-28,-0.39850982891003706
2017-09-29,-0.5486894818468196
2017-10-02,1.6648619282962258
2017-10-03,-0.7299931378526274
2017-10-04,-0.3514007498178993
2017-10-05,1.2066124512785175
2017-10-06,1.100699944280671
2017-10-09,0.012031451847370237
2017-10-10,-0.23349314222620046
2017-10-11,-0.4991996378734114
2017-10-12,0.8207433871900663
2017-10-13,0.0006434042559319378
2017-10-16,-0.31558070485647416
2017-10-17,0.2239364641768279
2017-10-19,0.4630681517271155
2017-10-20,0.30487682552121675
2017-10-23,0.3487240093557362
2017-10-24,-0.39935046384057804
2017-10-25,1.1919497616877095
2017-10-26,0.5520291546978053
2017-10-27,1.4124442643961455
2017-10-30,-0.17520254403100857
2017-10-31,0.09259628033062496
2017-11-01,0.741107614912747
2017-11-02,-0.5316827840579353
2017-11-03,0.01686100247193062
2017-11-06,-0.5306941911725519
2017-11-07,1.7578542996382518
2017-11-08,0.34547736966664844
2017-11-09,1.1991158232393075
2017-11-10,-0.8389269903508881
2017-11-13,-0.24847101265698998
2017-11-14,-0.4963477129344915
2017-11-15,-0.8662982320191529
2017-11-16,-0.9152949034032107
2017-11-17,2.1691036660631346
2017-11-20,0.061137914496968294
2017-11-21,2.0169764106875014
2017-11-22,0.8342629983312652
2017-11-23,-0.3302342499340457
2017-11-24,0.9512771487606102
2017-11-27,-0.4544974643092042
2017-11-28,0.6946433855487849
2017-11-29,0.013524963341885689
2017-11-30,0.3214846456305424
2017-12-01,0.5408648574070681
2017-12-04,-0.47530751602748006
2017-12-05,0.7480725070397453
2017-12-06,-2.4546648056047817
2017-12-07,-0.2478596492142304
2017-12-08,1.8730118895929326
2017-12-11,1.5861742301446367
2017-12-12,0.2859250162185251
2017-12-13,0.425250358002831
2017-12-14,-1.6502002993218705
2017-12-15,-1.0226520983176366
2017-12-18,0.27261666697487846
2017-12-19,-0.27097103193140454
2017-12-20,0.03235875096265656
2017-12-21,-0.48173737921023285
2017-12-22,0.1979165200081698
2017-12-26,-0.01687052022777641
2017-12-27,0.8895334812437813
2017-12-28,0.250708383552675
2017-12-29,0.24155567094168928
2018-01-02,0.9602350562532879
2018-01-03,1.7795955562428605
2018-01-04,1.5873128989543979
2018-01-05,-0.36316033282484667
2018-01-08,0.6855485740303388
2018-01-09,0.5357034865116436
2018-01-10,-0.210746231028079
2018-01-11,0.0018527454990829306
2018-01-12,0.28417549595726177
2018-01-15,0.7562698811291134
2018-01-16,0.5283615401476266
2018-01-17,-0.6086267507127744
2018-01-18,-1.0185378666007934
2018-01-19,1.0552722230094111
2018-01-22,-0.06939897674635222
2018-01-23,1.2116315904437223
2018-01-24,0.5447239443682604
2018-01-25,-1.4220854930957938
2018-01-26,-0.5352464105005565
2018-01-29,0.2925484381992649
2018-01-30,-1.104560883704223
2018-01-31,-0.23927570939795487
2018-02-01,0.7706342421372451
2018-02-02,-0.6205537956592879
2018-02-05,-1.7652163296682293
2018-02-06,-2.13639445195963
2018-02-07,-1.1807510071482075
2018-02-08,2.435791558794593
2018-02-09,-0.5572515719456632
2018-02-12,1.0708035132019207
2018-02-13,1.8348455878636543
2018-02-14,-1.1068810689565387
2018-02-15,2.681712965729069
2018-02-19,0.9357954288760992
2018-02-20,-0.13955812020069613
2018-02-21,1.807276077295933
2018-02-22,-0.35457411198525585
2018-02-23,2.01098092491666
2018-02-26,0.7533638298838383
2018-02-27,-1.0895894674359021
2018-02-28,-1.6781597299301996
2018-03-01,0.675395560963028
2018-03-02,-1.1816713612662546
2018-03-05,-0.5766758389747625
2018-03-06,2.180673936058426
2018-03-07,-1.7212580704170743
2018-03-08,0.8364091351775081
2018-03-09,-0.22131099733082601
2018-03-12,2.046414227134836
2018-03-13,0.9798906846793579
2018-03-14,-0.261712764255205
2018-03-15,-1.1149921304932848
2018-03-16,-1.2516610518885376
2018-03-19,-0.5744377014565782
2018-03-20,1.0090691461115975
2018-03-21,0.5466344701816317
2018-03-22,-1.2235710222109069
2018-03-23,-2.771687814169239
2018-03-26,-0.4137318918833304
2018-03-27,1.079387800237295
2018-03-28,-2.3887302340664345
2018-03-29,1.8361880585423493
2018-04-02,-0.4705781772667988
2018-04-03,-0.8940924276895473
2018-04-04,-2.827732920082095
2018-04-05,2.5929934011949523
2018-04-06,1.4784843486689347
2018-04-09,0.611875616724648
2018-04-10,0.6809220740753261
2018-04-11,0.4508294050622091
2018-04-12,-0.35784197460723605
2018-04-13,1.386427239909281
2018-04-16,0.3444094468701205
2018-04-17,0.5486915748049349
2018-04-18,2.442967844061139
2018-04-19,1.778070544509638
2018-04-20,-0.48370900061425853
2018-04-23,-0.09530779513718098
2018-04-24,0.5671747452324764
2018-04-25,-0.16542351213055415
2018-04-26,0.3302040004341837
2018-04-27,0.0792711942557908
2018-04-30,2.0681017466877827
2018-05-02,-0.031585835160912436
2018-05-03,-1.224909199040414
2018-05-04,-1.37400485713606
2018-05-07,-0.7457662281172541
2018-05-08,-0.1487200774812016
2018-05-09,-0.181182119624795
2018-05-10,-0.2530908161950666
2018-05-11,1.495812798849996
2018-05-14,-0.3909916715672462
2018-05-15,-0.7122157724911626
2018-05-16,0.4102129654225913
2018-05-17,0.0009580700116720298
2018-05-18,0.20668138038147324
2018-05-21,0.7314941021262594
2018-05-22,-0.40954799536928554
2018-05-23,-1.6137870059301276
2018-05-24,1.092749418839818
2018-05-25,-0.24422487198115828
2018-05-28,0.24687383268376797
2018-05-30,-3.1606228894107073
2018-05-31,-0.2538192796228602
2018-06-01,-0.15633891774058992
2018-06-04,1.7924496847003448
2018-06-05,0.6425847488056413
2018-06-06,-0.8339737389923235
2018-06-07,0.3386283996310613
2018-06-08,-1.6672435778293595
2018-06-11,0.28341707732593563
2018-06-12,-0.6038584264938888
2018-06-13,-1.9427263531969363
2018-06-14,-1.3064289435866734
2018-06-18,-1.4894634506444568
2018-06-19,-0.3180924469880125
2018-06-20,0.20735850581003548
2018-06-21,-0.35329516210405615
2018-06-22,-0.789373823717432
2018-06-25,-0.8288256879962557
2018-06-26,1.0569801988220393
2018-06-27,-1.2306509484549035
2018-06-28,0.5313776644490796
2018-06-29,0.3739853698291995
2018-07-02,-0.8260771800114338
2018-07-03,-0.28299604183591004
2018-07-04,0.9059909959676058
2018-07-05,-0.5263087390728504
2018-07-06,-2.6818883600412424
2018-07-09,0.9928290286466762
2018-07-10,2.083239764901247
2018-07-11,-1.5246734266803477
2018-07-12,-0.0011017322934004186
2018-07-13,0.15618293970727362
2018-07-16,-1.6079598223914646
2018-07-17,-0.03396062926316229
2018-07-18,-0.14160664554853375
2018-07-19,1.1039605660855403
2018-07-20,0.5707279561402775
2018-07-23,-0.8257746414799021
2018-07-24,0.3650524349539219
2018-07-25,2.317279701413888
2018-07-26,1.484294825783907
2018-07-27,-0.2206432652231912
2018-07-30,-1.341508187340751
2018-07-31,0.33108721632331867
2018-08-01,0.6170182469019619
2018-08-02,-1.9964405223153623
2018-08-03,-0.5769215854159884
2018-08-06,1.6815632327847412
2018-08-07,2.890940010880453
2018-08-08,-0.0027871543555354115
2018-08-10,-1.4923955797690287
2018-08-13,-1.6235300872100271
2018-08-14,0.15743219481193055
2018-08-15,-0.22294652559637917
2018-08-16,-1.10394661496564
2018-08-17,0.19572386687634702
2018-08-20,-0.12017633863608157
2018-08-21,-0.020280275105193295
2018-08-23,1.320056449019079
2018-08-24,-1.2298556096723852
2018-08-27,0.4379708715665022
2018-08-28,1.437745220449709
2018-08-29,-0.18629694716962816
2018-08-30,-0.5148650807493262
2018-08-31,-0.7646065727359805
2018-09-03,-0.49452769923657186
2018-09-04,0.15461805858175504
2018-09-05,-1.7745714309511198
2018-09-06,0.017361623261961927
2018-09-07,-0.6111939361239144
2018-09-10,-0.3593844612454576
2018-09-11,-0.4424707580591369
2018-09-12,0.5001506971381621
2018-09-13,0.7647432441516545
2018-09-14,0.8014707478636335
2018-09-17,-0.8868771757003951
2018-09-18,-0.06810980890658842
2018-09-19,0.705689767196274
2018-09-20,0.30363650699085776
2018-09-21,2.0754282105322086
2018-09-24,0.4235227689185314
2018-09-25,0.43677867007154586
2018-09-26,-0.015708262322510363
2018-09-27,-0.3166486291360721
2018-09-28,0.7104432095682082
2018-10-01,-0.1614881215364894
2018-10-02,-1.2460607476934558
2018-10-03,0.8474898347567116
2018-10-04,-0.8377294917655026
2018-10-05,-0.22115487506565748
2018-10-08,-1.348807187698423
2018-10-09,-0.6099125873459993
2018-10-10,-0.88167552308935
2018-10-11,-2.546297136464309
2018-10-12,0.4737837266367826
2018-10-15,-0.370102217462753
2018-10-16,-0.38152709203069257
2018-10-17,1.2968280050023502
2018-10-18,-0.5731540670581868
2018-10-19,-0.2891062599017355
2018-10-22,0.39371562847348796
2018-10-23,-1.8354590856174344
2018-10-24,0.5921320470153778
2018-10-25,-0.7627677677816344
2018-10-26,-2.70066063675117
2018-10-29,0.07348277910239835
2018-10-30,-0.2873268803346389
2018-10-31,2.228187636759214
2018-11-01,2.318499641825501
2018-11-02,2.6654851660928087
2018-11-05,-2.1051073128361195
2018-11-07,-0.3976502607870402
2018-11-08,1.2792475985604164
2018-11-09,-0.821439265435696
2018-11-12,-0.8037317965153212
2018-11-13,-1.1244118844176578
2018-11-14,-0.5485149896896401
2018-11-15,-0.1603644946506295
2018-11-16,0.804495206538442
2018-11-19,-0.5872586042275254
2018-11-20,-1.840662376143943
2018-11-21,0.7386059302775744
2018-11-22,-0.5823064384068948
2018-11-23,0.6010862276240704
2018-11-26,2.097074497147357
2018-11-27,0.5645448572242756
2018-11-28,0.32495221230519095
2018-11-29,1.085308533294189
2018-11-30,0.3869026339586075
2018-12-03,3.057342851988114
2018-12-04,-0.6013078523662801
2018-12-05,-0.6419646627934802
2018-12-06,-2.1688954423857054
2018-12-07,-0.43626509016297504
2018-12-10,-1.2616602134470705
2018-12-11,-0.878241687722242
2018-12-12,1.2485951516639615
2018-12-13,0.7897518121308851
2018-12-14,-1.6549017779966106
2018-12-17,1.870195835135549
2018-12-18,-1.9505289463641173
2018-12-19,0.08060198841404866
2018-12-20,-0.4897962765622655
2018-12-21,0.09585247801618711
2018-12-24,0.22204978745719614
2018-12-26,-1.2688535905224694
2018-12-27,1.185891213033571
2018-12-28,0.28282545452063207
2018-12-31,0.7845906952637957
2019-01-01,0.0
2019-01-02,-1.1142664027936744
2019-01-03,-1.225092163874759
2019-01-04,1.2454418274579584
2019-01-07,2.01385921603405
2019-01-08,0.8953888632187442
2019-01-09,1.2737447691076038
2019-01-10,0.5984533879612774
2019-01-11,0.9477608969086733
2019-01-14,-0.8308468714125349
2019-01-15,1.757625425556147
2019-01-16,0.5555813928744019
2019-01-17,-0.40891519148206196
2019-01-18,0.26227661979331723
2019-01-21,-0.36805379533828386
2019-01-22,-1.8000236954269238
2019-01-23,-1.3478350552280627
2019-01-24,0.4532183122064988
2019-01-25,0.17660445628600183
2019-01-28,0.08052905763282552
2019-01-29,-0.7384541311367392
2019-01-30,-0.7185144818810817
2019-01-31,0.17625039279155055
2019-02-01,0.2320552545712904
2019-02-04,-0.17102384890488806
2019-02-05,0.0
2019-02-07,0.5663913502042058
2019-02-08,-0.12295206779940264
2019-02-11,0.35887743238125297
2019-02-12,-0.14320682271315072
2019-02-13,2.02493820712361
2019-02-14,0.03776613019002306
2019-02-15,-0.920879241906408
2019-02-18,1.337799428467604
2019-02-19,-0.4227193655785742
2019-02-20,0.290979792661548
2019-02-21,-0.6476639045475245
2019-02-22,-0.7722307387068102
2019-02-25,-0.19875618859787078
2019-02-26,-0.5162893433918309
2019-02-27,-0.20486248460708922
2019-02-28,-1.025298882952011
2019-03-01,0.4141867513922443
2019-03-04,1.3590872810550467
2019-03-05,-0.39877954859181997
2019-03-06,-0.09872823364968514
2019-03-07,-0.019265491617616887
2019-03-08,-1.1396119931360686
2019-03-11,-0.1281870208144041
2019-03-12,0.5892339137618396
2019-03-13,-0.6547475851340843
2019-03-14,0.4034935783976245
2019-03-15,0.5756008475474975
2019-03-18,0.5554355903184505
2019-03-19,0.6503866222888977
2019-03-20,-0.699989803392313
2019-03-21,-0.09605472056206948
2019-03-22,-0.09562799997284753
2019-03-25,-1.1478264980636295
2019-03-26,0.17460626303713966
2019-03-27,-0.2922827087619164
2019-03-28,0.23178086313819413
2019-03-29,0.5321325052666105
2019-04-01,1.2544164370900477
2019-04-02,1.4501759822196734
2019-04-03,1.8786170866730467
2019-04-04,0.7729659302882395
2019-04-05,0.5280653068160512
2019-04-08,-0.19497002987830536
2019-04-09,0.3365292503756219
2019-04-10,-0.07522910658019606
2019-04-11,-0.0587204188797372
2019-04-12,0.27817757882839783
2019-04-15,-0.24988683549150625
2019-04-16,0.304255245036628
2019-04-17,0.7495575184849885
2019-04-18,-0.054379314715022775
2019-04-22,0.2874969352163857
2019-04-23,0.1418096318702023
2019-04-24,0.12749566507993557
2019-04-25,-0.44260126203710765
2019-04-26,0.6027829947746288
2019-04-29,2.8790146930360376
2019-04-30,-0.3988281871750956
2019-05-02,0.07362641992487666
2019-05-03,0.200393350328561
2019-05-06,-4.3481640951570615
2019-05-07,0.7243282546663763
2019-05-08,-0.9620481356547504
2019-05-09,-0.6813300909336825
2019-05-10,0.34186568541804313
2019-05-13,-1.8229379207381486
2019-05-14,0.031920610873452084
2019-05-15,0.20197324017631516
2019-05-16,0.5344989772858181
2019-05-17,-0.9463120131645839
2019-05-21,-0.5743125725657592
2019-05-22,-1.0201410862201865
2019-05-23,-0.3087591270144485
2019-05-24,0.12478502877143556
2019-05-27,-0.16522964255178926
2019-05-28,-0.8158067794846176
2019-05-29,-0.5752859307583987
2019-05-30,-1.104929186783704
2019-05-31,-1.5032064757752854
2019-06-03,-0.12671452843790296
2019-06-04,0.989705927219676
2019-06-06,-0.27176746393195067
2019-06-07,0.7854324493039396
2019-06-10,0.6636903886977893
2019-06-11,0.6688804859323253
2019-06-12,0.10465823402396351
2019-06-13,0.0693734493528334
2019-06-14,0.5277328948182866
2019-06-17,0.03282043175844015
2019-06-18,1.2791937713794594
2019-06-19,2.2248942870273676
2019-06-20,0.7876052387828002
2019-06-21,0.5803694878645261
2019-06-24,-0.9874021223771029
2019-06-25,-0.5162683114684243
2019-06-26,-0.1955577757323805
2019-06-27,1.5467440177631175
2019-06-28,0.10890851188818594
2019-07-01,1.9695556281854867
2019-07-02,-0.3449099042726547
2019-07-03,-0.566768028413662
2019-07-04,-0.23667486597676046
2019-07-05,-1.1114749085684705
2019-07-08,-0.8168586012704883
2019-07-09,0.3896688711924792
2019-07-10,0.5789267093901839
2019-07-11,0.31229252427095416
2019-07-12,0.42081557218656845
2019-07-15,0.22142426699473483
2019-07-16,0.10786110488440047
2019-07-17,0.5755734389075878
2019-07-18,0.023170241179308926
2019-07-19,1.0263293571170715
2019-07-22,-0.24888081256101624
2019-07-23,0.20207941008372368
2019-07-24,0.19583590120767166
2019-07-25,0.631815317815268
2019-07-26,-0.1273370244813943
2019-07-29,-0.6770033413736704
2019-07-30,-0.11351764271914659
2019-07-31,-1.0895368711044748
2019-08-01,-0.37431133460451244
2019-08-02,-1.304262765847157
2019-08-05,-1.3631623131327677
2019-08-06,-1.0490022428310228
2019-08-07,0.7666813256668403
2019-08-08,0.027501973337708503
2019-08-13,-0.8319407225656071
2019-08-14,0.7362349104589964
2019-08-15,-1.1171561580369074
2019-08-16,-0.36489935423446757
2019-08-19,0.4634401603808347
2019-08-20,-0.32894425663972476
2019-08-21,-0.5777232562647512
2019-08-22,0.18790301357532424
2019-08-23,-0.6889322500323481
2019-08-26,-0.9675108970501372
2019-08-27,0.25040591361136166
2019-08-28,-0.49700367376536647
2019-08-29,0.9951279144353494
2019-08-30,0.8890185050483069
2019-09-02,-0.2547851246111125
2019-09-03,-0.030810816161062887
2019-09-04,0.6728919443965834
2019-09-05,0.5200588567194765
2019-09-06,0.7373729405050721
2019-09-09,-0.026581057532970836
2019-09-10,0.6324723010481167
2019-09-11,1.6232963528978317
2019-09-12,0.23885543890952898
2019-09-13,0.5200698186007074
2019-09-16,-0.26616102481589743
2019-09-17,-0.4880825697583271
2019-09-18,-1.0477258554148756
2019-09-19,-0.42036770385297145
2019-09-20,0.39912940815456793
2019-09-23,-0.8852393755097211
2019-09-24,0.3573151476386122
2019-09-25,-1.0813109493899224
2019-09-26,0.6282213976232357
2019-09-27,0.14622198701309763
2019-09-30,0.23063624667231222
2019-10-01,1.0254396018267748
2019-10-02,-1.8455688637973378
2019-10-03,-0.6532709434418519
2019-10-04,-0.5196597066805242
2019-10-07,0.5619062178822362
2019-10-08,0.3962497974218307
2019-10-09,-0.6710623483584478
2019-10-10,0.4445915278698404
2019-10-11,1.093443271522232
2019-10-14,0.5137399923360034
2019-10-15,-0.29774737343714985
2019-10-16,0.45730784220074633
2019-10-17,-0.15176190443446153
2019-10-18,-0.8114100254081734
2019-10-21,-0.05056087704159595
2019-10-22,0.2219803386163168
2019-10-23,-0.5030943078353061
2019-10-24,0.9900058419627132
2019-10-25,0.284217400721112
2019-10-29,0.7371093549582876
2019-10-30,1.0074765893607756
2019-10-31,0.8697951144428652
2019-11-01,-0.3096979381073918
2019-11-04,0.6219535935252702
2019-11-05,0.19332982708542149
2019-11-06,0.48849584365952414
2019-11-07,0.5280533916409006
2019-11-08,-0.08729208335056744
2019-11-11,-0.1338934306276517
2019-11-12,0.489926500193883
2019-11-13,-0.6941906270627486
2019-11-14,-0.3178965713919856
2019-11-15,0.4676631163202756
2019-11-18,0.7081100150565014
2019-11-19,-0.7336570112199267
2019-11-20,-0.681212746207733
2019-11-21,-1.6581817588023957
2019-11-22,0.6952639328645259
2019-11-25,-0.5447250134958627
2019-11-26,-0.13285512977677963
2019-11-27,0.1795012733396555
2019-11-28,-0.649174165033943
2019-11-29,-0.8584492758373097
2019-12-02,-0.31629049304349394
2019-12-03,-0.6849683038854951
2019-12-04,-0.4145956989850437
2019-12-05,0.1595460999899143
2019-12-06,0.47753856700113645
2019-12-09,-0.44332857333821024
2019-12-10,-0.33974413568180317
2019-12-11,0.6096039920780826
2019-12-12,1.5222196947104676
2019-12-13,1.4591146473315788
2019-12-16,-0.27496277210836123
2019-12-17,-0.34093822592725403
2019-12-18,0.8369818767860542
2019-12-19,0.162122075122464
2019-12-20,-0.1573768838955586
2019-12-23,-0.07495123271861089
2019-12-24,0.04764650621995903
2019-12-25,0.0
2019-12-26,-0.020341682974951075
2019-12-27,-0.003277173039740714
2019-12-30,-0.3977120323957753
2019-12-31,0.38107514880294974
2020-01-02,0.7854244741324982
2020-01-03,-0.23348909285531638
2020-01-06,-0.8108726966444496
2020-01-07,0.9018635366746371
2020-01-08,-0.3567502262814246
2020-01-09,0.31569640044060865
2020-01-10,0.3058343567018682
2020-01-13,0.12994271572079424
2020-01-14,0.46017665933720603
2020-01-15,-0.7899173848379322
2020-01-16,0.8098174732999238
2020-01-17,0.14493438269284284
2020-01-20,-0.15138366661980207
2020-01-21,-0.4640905707418903
2020-01-22,0.4236632097614926
2020-01-23,-0.655835456828272
2020-01-24,-0.11886643023500339
2020-01-28,-1.5514234478856908
2020-01-29,-0.17548754663955193
2020-01-30,-0.30590202838728203
2020-01-31,-0.7455951189521987
2020-02-03,-1.4656917394511642
2020-02-04,1.405326912027247
2020-02-05,1.1872961339542198
2020-02-06,0.8936638002199025
2020-02-07,-1.6327032071217786
2020-02-10,-1.1886906380886622
2020-02-11,0.40119888964855877
2020-02-12,1.713694998395716
2020-02-13,0.11607772459723535
2020-02-14,0.2637383694130474
2020-02-17,-0.49740920886141443
2020-02-18,-0.7057320669991723
2020-02-19,0.7239149804799282
2020-02-20,-0.6594931428808711
2020-02-21,-0.3327114932348196
2020-02-24,-1.1342589553967894
2020-02-25,0.4172693998418846
2020-02-26,-1.0551589521098934
2020-02-27,0.5233227585939486
2020-02-28,-2.9564387432930874
2020-03-02,-0.4744272840107823
2020-03-03,0.4131509406323553
2020-03-04,-1.0340834844668418
2020-03-05,-1.2113822086339026
2020-03-06,-2.3040199000088384
2020-03-09,-7.664227032376061
2020-03-10,1.8999148261338779
2020-03-11,-2.393549849185043
2020-03-12,-4.044540578746003
2020-03-13,-2.218997688458311
2020-03-16,-3.9038827589692047
2020-03-17,-1.5067516288363016
2020-03-18,0.0
2020-03-19,-5.085384043869962
2020-03-20,3.650641177899212
2020-03-23,-7.242800108343736
2020-03-24,6.8520077397411
2020-03-25,6.489165355988656
2020-03-26,-1.6392177027301262
2020-03-27,1.5448786554949379
2020-03-30,-4.679469257910671
2020-03-31,1.3682990654696274
2020-04-01,-1.9690962531239737
2020-04-02,1.5046589977268783
2020-04-03,-2.8747321332535396
2020-04-06,3.3529657681854363
2020-04-07,3.2207211274795555
2020-04-08,-1.3591247728309968
2020-04-09,1.5190584585180407
2020-04-13,0.14752997477101096
2020-04-14,2.575153138481714
2020-04-15,-2.1069970235754436
2020-04-16,-0.549231147809298
2020-04-17,-0.40925427808733256
2020-04-20,-0.7607029347470112
2020-04-21,-1.3230135955799356
2020-04-22,-0.4853380936894413
2020-04-23,0.06474098740772434
2020-04-24,-0.14177184489074607
2020-04-27,1.3780748402718406
2020-04-28,0.5433669521247345
2020-04-29,0.40649385548169087
2020-04-30,2.6725579234557872
2020-05-04,-2.1706455134427283
2020-05-05,0.4843465283676869
2020-05-06,-0.04090757578891236
2020-05-08,-0.06760744974169851
2020-05-11,1.0453114419813414
2020-05-12,-0.38632612137814765
2020-05-13,-0.6916849388992974
2020-05-14,-1.6223006930499009
2020-05-15,0.1849952859595537
2020-05-18,0.594736026593726
2020-05-19,2.221490528722398
2020-05-20,-0.6029361086516092
2020-05-21,-0.34996741092914824
2020-05-22,-1.3085484095550441
2020-05-26,1.3083377985606692
2020-05-27,-0.060593552926815654
2020-05-28,0.8092474082249083
2020-05-29,-1.2535724859465582
2020-06-01,1.1865421870936608
2020-06-02,2.647661276402442
2020-06-03,6.3600562041957325
2020-06-04,0.12117256436100106
2020-06-05,1.5001350873428105
2020-06-08,3.286861558927999
2020-06-09,-0.4082711593261143
2020-06-10,0.9033562665483714
2020-06-11,-3.3102498831920624
2020-06-12,-1.291709265117811
2020-06-15,-3.1896145670376144
2020-06-16,1.8459042196753355
2020-06-17,-0.2811410437218263
2020-06-18,-0.1113282327072707
2020-06-19,-1.146042244041409
2020-06-22,-0.4152207705053552
2020-06-23,0.24804199004696892
2020-06-24,-0.3894754738026849
2020-06-25,-1.6117033457838685
2020-06-26,0.7108844877783983
2020-06-29,-1.4118782400117869
2020-06-30,1.0348741234421326
2020-07-01,1.1271427468672408
2020-07-02,0.9783928447783864
2020-07-03,0.8450205336440201
2020-07-06,1.587919911128825
2020-07-07,-1.2571604106547045
2020-07-08,0.7617604142738537
2020-07-09,-0.5495047361316002
2020-07-13,-0.6416532026117955
2020-07-14,-0.4750008455373198
2020-07-15,1.317938358781606
2020-07-16,-1.1281393214373672
2020-07-17,-0.4868440626109641
2020-07-20,-0.12047958979407876
2020-07-21,0.5229543618492355
2020-07-22,-1.4626964321938605
2020-07-23,0.30047184440032076
2020-07-24,-1.6516870413081683
2020-07-27,-0.0764186063420746
2020-07-28,-0.38590684909807454
2020-07-29,-0.5736533646630224
2020-07-30,-3.409822952752337
2020-08-03,-1.2547735639016138
2020-08-04,1.1759487538715774
2020-08-05,0.5414537666235865
2020-08-06,2.13481499454011
2020-08-07,-0.2842497629550373
2020-08-11,0.6736041483714064
2020-08-12,1.0378405097078007
2020-08-13,1.3724237756652269
2020-08-14,-0.3588697403295016
2020-08-17,-0.24365220956834677
2020-08-18,-0.7402286577194707
2020-08-19,0.47857208614003804
2020-08-20,-0.8200787651190874
2020-08-21,0.07924464564950849
2020-08-24,-0.252490167125855
2020-08-25,1.1694728635634732
2020-08-26,-0.9509659361195069
2020-08-27,-0.7245955294014891
2020-08-28,1.1767195316677266
2020-08-31,-0.14726312873647296
2020-09-01,0.12353309401795697
2020-09-02,-0.06806296436155075
2020-09-03,-0.334674509439644
2020-09-04,-0.6392570320354235
2020-09-07,0.4727198776173387
2020-09-08,-0.3657078244992103
2020-09-09,-0.6196084052992593
2020-09-10,0.26096423341047076
2020-09-11,-0.03152502839160116
2020-09-14,-0.21073723905280425
2020-09-15,-0.09376262036734138
2020-09-16,-0.4220631680746177
2020-09-17,-0.7371467696674996
2020-09-18,0.06725649215133901
2020-09-21,-0.23509377697517106
2020-09-22,-0.9879871863706745
2020-09-23,0.5853911198324764
2020-09-24,-0.7485106136835998
2020-09-25,0.9710001711139772
2020-09-28,0.8962412133927627
2020-09-29,-0.9333818735857392
2020-09-30,-0.41022378078069655
2020-10-01,2.0453806005328894
2020-10-02,0.002501974987800156
2020-10-05,0.3933693693766645
2020-10-06,0.5189000454720016
2020-10-07,0.3247359343541096
2020-10-08,0.1318321730418166
2020-10-09,-0.1668008184339015
2020-10-12,1.2211384494968662
2020-10-13,0.7485517828572213
2020-10-14,-0.5420867714220569
2020-10-15,-1.223964547545093
2020-10-16,1.1635905973978993
2020-10-19,0.48708082853100615
2020-10-20,-0.691262142091842
2020-10-21,0.5632207433508206
2020-10-22,0.4350451024216113
2020-10-23,0.526727303410021
2020-10-26,-1.0388758536973248
2020-10-27,-0.591295132847282
2020-10-28,-1.5376319567396877
2020-10-29,-1.4015137093647014
2020-10-30,-0.7101779622971968
2020-11-02,0.644227278788117
2020-11-03,2.4659052024369763
2020-11-04,1.0131826063779608
2020-11-05,3.5335688656432187
2020-11-06,0.10535980403289406
2020-11-09,1.6279169865380483
2020-11-10,4.199959944726179
2020-11-11,0.8921437122177407
2020-11-12,-0.009562666565483916
2020-11-13,-0.5001342943025459
2020-11-16,1.3371127685595283
2020-11-17,1.3169464164968188
2020-11-18,0.766188090932919
2020-11-19,-0.5237155560422792
2020-11-20,1.364497731766913
2020-11-23,1.6373621400164342
2020-11-24,1.9237348458582118
2020-11-25,-0.8983669622852833
2020-11-26,-0.6772126087709136
2020-11-27,0.4837782480582982
2020-11-30,-1.6642858987564473
2020-12-01,-0.22345051856625128
2020-12-02,0.635978121439757
2020-12-03,0.7276025712070272
2020-12-04,0.31913744787413345
2020-12-07,-1.4762488373611786
2020-12-08,-0.5046467246365989
2020-12-09,1.3066143626203033
2020-12-10,-0.7376766211609987
2020-12-11,-0.2828782696388133
2020-12-14,1.3312383553013392
2020-12-15,-0.09642492713595162
2020-12-16,0.6692755320289104
2020-12-17,-0.9116358021667871
2020-12-18,-0.637205271325917
2020-12-21,-0.019753702118193866
2020-12-22,-0.3944365233611476
2020-12-23,0.06704695079236568
2020-12-24,0.41641297708321706
2020-12-28,-0.06395973996021141
2020-12-29,0.03388392002666726
2020-12-30,0.6614520677641226
2020-12-31,0.0
2021-01-04,-0.31878504277110076
2021-01-05,-0.28118257515870343
2021-01-06,-0.13980474326648346
2021-01-07,2.816013530185159
2021-01-08,4.413831747298352
2021-01-11,-1.589326219320147
2021-01-12,-0.720868409271387
2021-01-13,0.4586476017769665
2021-01-14,0.8809684928875576
2021-01-15,-0.23488901976308227
2021-01-18,-0.9724604251915224
2021-01-19,0.3030067463298199
2021-01-20,-0.23607264786998913
2021-01-21,0.6092682775244885
2021-01-22,-1.0929606870481543
2021-01-25,-0.5912440029013432
2021-01-26,-1.2672074200013141
2021-01-27,1.0917848163311665
2021-01-28,-1.4450057262183573
2021-01-29,-0.4821083369364285
2021-02-01,0.4819346660077037
2021-02-02,-0.1665876098511829
2021-02-03,0.039070474030911746
2021-02-04,-0.38402503610397803
2021-02-05,0.3244020918087646
2021-02-08,2.0139859127931223
2021-02-09,-0.2636917002778398
2021-02-10,0.4455568426202627
2021-02-11,0.1909242512771084
2021-02-15,-0.058380015229256406
2021-02-16,0.3502945452617394
2021-02-17,-0.05315471389926932
2021-02-18,-0.33697485224484097
2021-02-19,-0.9775866793129566
2021-02-22,0.37126058853655924
2021-02-23,-0.0488444014756493
2021-02-24,2.023674548537839
2021-02-25,2.352371678403509
2021-02-26,-0.5249574443373585
2021-03-01,1.5146705759402013
2021-03-02,-0.45344974232559315
2021-03-03,1.6327212787996492
2021-03-04,1.0612841917043812
2021-03-05,0.04048097702292434
2021-03-08,1.5188420824515418
2021-03-09,1.0623719990969713
2021-03-10,-2.001073916105051
2021-03-11,0.772623398588624
2021-03-12,-0.2392878141197153
2021-03-15,-0.1624655266882689
2021-03-16,-0.3896888791836015
2021-03-17,0.1852269202530101
2021-03-18,0.6004080997234879
2021-03-19,0.15765898225442723
2021-03-22,-0.5394283050390294
2021-03-23,0.057461656108792745
2021-03-24,0.036925456233516236
2021-03-25,0.796359644606369
2021-03-26,0.39756565812316386
2021-03-29,0.5950036771382632
2021-03-30,0.39971001966186437
2021-03-31,-0.7097513515338587
2021-04-01,0.2602107542906212
2021-04-05,0.6504073393903664
2021-04-06,0.36253476662619266
2021-04-07,-0.5356335063223819
2021-04-08,-0.31219217726137544
2021-04-09,0.03916410027453521
2021-04-12,0.010777668361880377
2021-04-13,0.3122294470421893
2021-04-14,-0.3891825004884153
2021-04-15,0.608172701834729
2021-04-16,0.40144426884450546
2021-04-19,0.16543935062356793
2021-04-20,-0.06087586575538567
2021-04-21,-1.8985992726919232
2021-04-22,1.8280240069368023
2021-04-23,0.17522083030795152
2021-04-26,0.37846337845284134
2021-04-27,0.5895796744483927
2021-04-28,0.5267087711453187
2021-04-29,-0.2188585199031955
2021-04-30,0.8039084656424501
2021-05-03,-0.6610671081319134
2021-05-04,-0.058792231653687764
2021-05-05,-0.2757043851503912
2021-05-06,0.9449880288864808
2021-05-07,1.4496414576939685
2021-05-10,-0.07987635675464852
2021-05-11,-1.366379284753971
2021-05-12,-0.3805263888879022
2021-05-14,-2.04118375182007
2021-05-17,0.15490260251462584
2021-05-18,2.1272075271510356
2021-05-19,-1.4988029924482447
2021-05-20,0.25733449867748154
2021-05-21,0.4871587135009931
2021-05-24,0.3297699066816518
2021-05-25,0.9763491084562709
2021-05-27,0.7415109475323584
2021-05-28,0.9978370611337527
2021-05-31,-1.0620246405309033
2021-06-01,1.1938323552659424
2021-06-02,-1.2125749090370759
2021-06-03,-0.01541226041780481
2021-06-04,-0.2846204246569362
2021-06-07,1.2112064044002737
2021-06-08,-0.34513586185626854
2021-06-09,-0.9443731037590014
2021-06-10,0.3604574637127876
2021-06-11,-0.28967386396861583
2021-06-14,-0.5546805896176622
2021-06-15,0.8954553179110994
2021-06-16,-0.5967127319194011
2021-06-17,-0.3826231569005835
2021-06-18,-0.4670786251593088
2021-06-21,-0.8746971686256083
2021-06-22,-0.4350894732906599
2021-06-23,-0.038240805032589434
2021-06-24,0.15370753536959755
2021-06-25,0.1763989036419522
2021-06-28,0.2931907453917522
2021-06-29,-1.55229009581264
2021-06-30,2.0181965469284027
2021-07-01,0.005574167560932051
2021-07-02,0.13785009352083286
2021-07-05,0.1134073200511071
2021-07-06,2.3006016563274465
2021-07-07,-2.271886961041652
2021-07-08,-1.4911098498957793
2021-07-09,0.8221974624040561
2021-07-12,0.9119725298722136
2021-07-13,1.1770370825695509
2021-07-14,-0.5117593305507805
2021-07-15,-0.5935416845467832
2021-07-16,0.4243167486991319
2021-07-19,-1.7031014444180768
2021-07-21,0.14679465824486204
2021-07-22,1.5646079534266166
2021-07-23,0.12658176393923198
2021-07-26,-0.746127920773119
2021-07-27,0.09173568000171672
2021-07-28,0.24622806527339317
2021-07-29,1.6164195373340462
2021-07-30,-0.15265571163243227
2021-08-02,-0.2456605256021865
2021-08-03,-0.6872087987505505
2021-08-04,1.5875285921496254
2021-08-05,0.3858751902946597
2021-08-06,0.36462117981251635
2021-08-10,1.2409877868665402
2021-08-11,-1.0923139510429165
2021-08-12,-0.042656748280400524
2021-08-13,0.01761207430486313
2021-08-16,-0.5714204162478336
2021-08-17,-0.8848182079246323
2021-08-18,0.034843784552394265
2021-08-19,-1.4089474261145731
2021-08-20,0.5277155335344555
2021-08-23,-0.14103500585149717
2021-08-24,0.356564315815117
2021-08-25,-0.10555586165310023
2021-08-26,0.3993108459635247
2021-08-27,-1.1530217780852852
2021-08-30,0.7705425640433367
2021-08-31,-1.3930071680625133
2021-09-01,0.8998655178850555
2021-09-02,-0.289545038698884
2021-09-03,0.079561584649074
2021-09-06,0.86353701694911
2021-09-07,-0.0039047777047124857
2021-09-08,-1.1717077806122074
2021-09-09,0.2434377827224824
2021-09-10,1.0540312894313588
2021-09-13,-0.7560693455879376
2021-09-14,0.449483602960292
2021-09-15,-0.7394740082697986
2021-09-16,-0.04104961495913337
2021-09-17,0.5337603934017419
2021-09-20,-1.290967628374385
2021-09-21,0.10279916091393758
2021-09-22,-1.105336545058577
2021-09-23,0.6549965835849237
2021-09-24,-0.5617613999120467
2021-09-27,1.9208369849946303
2021-09-28,-0.5850148940870576
2021-09-29,-0.001731209917174098
2021-09-30,0.6847853612561222
2021-10-01,-1.050883765599299
2021-10-04,1.4968148664185768
2021-10-05,-0.4163246623283316
2021-10-06,0.3228297253375935
2021-10-07,0.43559798397337235
2021-10-08,0.2413045113800534
2021-10-11,-0.18843686673193952
2021-10-12,-0.38997148631106754
2021-10-13,1.6458656917738341
2021-10-14,0.04996025598419394
2021-10-15,0.09852449530207745
2021-10-18,0.05121712293598104
2021-10-19,1.207305812042256
2021-10-20,0.20606323727349238
2021-10-21,-0.39206898670734724
2021-10-22,0.5380661525282588
2021-10-25,0.09947372877697148
2021-10-26,-0.17682152576302748
2021-10-27,0.3963699076819008
2021-10-28,-0.5449627574012487
2021-10-29,-0.326311188976035
2021-11-01,0.9277700658700175
2021-11-02,0.9065048917010149
2021-11-03,-0.369787655144648
2021-11-05,0.8368761833104937
2021-11-08,0.8459659322963344
2021-11-09,-0.7147748499703006
2021-11-10,-0.5713091975877923
2021-11-11,0.35409244215459273
2021-11-12,-0.33097519035438816
2021-11-15,0.4855784161135969
2021-11-16,-0.17582074518556925
2021-11-17,-0.0930337418024717
2021-11-18,0.340427306286762
2021-11-19,-0.058301140873111536
2021-11-22,0.20414511964474177
2021-11-23,-0.4177794245556328
2021-11-24,-0.1555308498832553
2021-11-25,-0.23896073775607243
2021-11-26,-1.657965007431603
2021-11-29,-2.166429915837034
2021-11-30,-3.445712604634762
2021-12-01,3.3655965304439417
2021-12-02,0.3578788984005736
2021-12-03,0.038188392197347855
2021-12-06,0.8876115700850952
2021-12-07,0.6034604269262401
2021-12-08,-0.023548969777332802
2021-12-09,-0.1262591406577855
2021-12-10,-0.1346652477512805
2021-12-13,-0.49745546601602514
2021-12-14,0.17174807948670012
2021-12-15,0.02432092007256371
2021-12-16,1.145426465590193
2021-12-17,-0.014883385485823611
2021-12-20,-1.1871204094339702
2021-12-21,0.03188526653777574
2021-12-22,0.49624574598159205
2021-12-23,0.27099167094521914
2021-12-24,0.3998575678751736
2021-12-27,-0.37039951753227784
2021-12-28,0.759924964267122
2021-12-29,0.27420081452927714
2021-12-30,-0.35920444486763264
2021-12-31,-0.06515909945138047
2022-01-03,0.16957104464717487
2022-01-04,2.5469407734133567
2022-01-05,-0.8843367611498963
2022-01-06,1.1168984934367792
2022-01-07,1.8062085478746361
2022-01-10,2.2933524622262262
2022-01-11,0.5523124865716472
2022-01-12,0.5107915842947723
2022-01-13,-0.2505735792469595
2022-01-14,1.4450343075621632
2022-01-17,0.30736743216702694
2022-01-18,-0.431562348938966
2022-01-19,-0.14541209292935384
2022-01-20,0.6999869366071825
2022-01-21,-0.306017696790639
2022-01-24,-0.32159297738152365
2022-01-25,-1.1542542989759907
2022-01-26,0.9718061907276737
2022-01-27,0.15555668963322855
2022-01-28,-0.5107783271406588
2022-01-31,0.5068497800017023
2022-02-03,2.4522157135022082
2022-02-04,0.5796954544653988
2022-02-07,1.5557459790583372
2022-02-08,1.279376752535
2022-02-09,0.7430213314411058
2022-02-10,-0.3322802443822683
2022-02-11,0.6471039603230705
2022-02-14,0.08231121130678146
2022-02-15,-0.8267232283625284
2022-02-16,0.6668850887662349
2022-02-17,-0.10883567474691336
2022-02-18,-0.7183868342154812
2022-02-21,0.3471524466127352
2022-02-22,-1.1888591669784454
2022-02-23,-1.1405917292183023
2022-02-24,-4.879794617666961
2022-02-25,-0.42368888399148497
2022-02-28,-2.3332991073255234
2022-03-01,1.254897929887528
2022-03-02,-2.123992519301351
2022-03-03,0.2552405753859582
2022-03-04,-1.18014294106343
2022-03-07,-1.583188865252006
2022-03-08,-2.173309964789366
2022-03-09,2.753719087582249
2022-03-10,2.0655156813405378
2022-03-11,0.5504317724099337
2022-03-14,-0.1794419152874284
2022-03-15,1.198670749468187
2022-03-16,2.4593658450760607
2022-03-17,1.249274619842514
2022-03-18,-0.29620363465619737
2022-03-21,0.9124282367861731
2022-03-22,-0.30673685208504115
2022-03-23,0.08523571311847666
2022-03-24,0.8407171807331332
2022-03-25,0.2224415461493752
2022-03-28,0.9194292786490984
2022-03-29,-0.45662158915722245
2022-03-30,0.4640854241901564
2022-03-31,-0.7664181250971343
2022-04-01,-0.2702259061616645
2022-04-04,-0.3896855601835926
2022-04-05,0.6552274016213674
2022-04-06,-0.48699067245215555
2022-04-07,-0.5837026853238957
2022-04-08,-0.9193785032184385
2022-04-11,-0.560678312556074
2022-04-12,-1.5874108519138603
2022-04-13,0.27345161968915926
2022-04-14,-0.3445995086321196
2022-04-18,-1.2001299562340912
2022-04-19,-0.002928940499743423
2022-04-20,1.5337951768085496
2022-04-21,0.1377702646539998
2022-04-22,0.3099126512003665
2022-04-25,-0.9475082264706783
2022-04-26,-0.7037246925468277
2022-04-27,-0.37344791258795745
2022-04-28,0.5627140814739874
2022-04-29,1.9175700784468923
2022-05-04,0.2153723499552814
2022-05-05,-0.7393095024285715
2022-05-06,-1.2721512162183586
2022-05-09,-0.6911359183560757
2022-05-10,-1.4057778865545607
2022-05-11,-0.288394432438744
2022-05-12,-1.7220155326015663
2022-05-13,0.6936065998949547
2022-05-17,0.045279225747550146
2022-05-18,0.6990935379305535
2022-05-19,-1.314372718132188
2022-05-20,1.7223624341293347
2022-05-23,-0.8511202145910337
2022-05-24,-0.5609257761678336
2022-05-25,-0.5630275334016432
2022-05-26,1.1835450008135686
2022-05-27,0.4970159792645788
2022-05-30,0.08645854689984005
2022-05-31,0.2570976932778793
2022-06-01,-0.020877960895934262
2022-06-02,-0.585267976369532
2022-06-03,0.08196528221424383
2022-06-06,-0.5330187835089175
2022-06-07,0.09273388974708968
2022-06-08,-0.6114041099747732
2022-06-09,-0.944090507961636
2022-06-10,-1.1240155220692776
2022-06-13,-1.288852583631727
2022-06-14,-0.29490707199931565
2022-06-15,0.037398796445455774
2022-06-16,0.06177271660704031
2022-06-17,-0.3716610027334313
2022-06-20,-0.02371139463292921
2022-06-21,0.6803185326104378
2022-06-22,-1.0161559241491611
2022-06-23,-0.42432044209777225
2022-06-24,-0.1077608614062369
2022-06-27,0.809214860312732
2022-06-28,0.06255373143446856
2022-06-29,0.15846612102593308
2022-06-30,-1.1897891712279833
2022-07-01,-0.6057420158954975
2022-07-04,1.5924916685302561
2022-07-05,-0.17295341785496224
2022-07-06,-0.41305502039355185
2022-07-07,0.39106038095955986
2022-07-08,-0.02333405680692145
2022-07-12,1.3605281371342517
2022-07-13,-1.418478787548829
2022-07-14,-1.2432245601067113
2022-07-15,-0.24753138437358058
2022-07-18,1.1491378080892138
2022-07-19,-0.006925519892739003
2022-07-20,2.784513879267361
2022-07-21,-1.01978730663596
2022-07-22,1.3666585734494123
2022-07-25,0.10654866411664926
2022-07-26,0.7696290225372729
2022-07-27,0.5328704359199699
2022-07-28,0.8012694643937692
2022-07-29,-1.3308955654088508
2022-08-01,0.8824606697257108
2022-08-02,0.01357138160265999
2022-08-03,1.181506020217413
2022-08-04,0.7603782903805619
2022-08-05,0.48519850116125823
2022-08-08,0.025372950246569576
2022-08-10,0.6567717042095097
2022-08-11,0.789185985567602
2022-08-12,-0.25673266476747497
2022-08-15,-0.2571968668771906
2022-08-16,-0.9508967192241812
2022-08-17,0.2005093909992287
2022-08-18,0.6516339457342392
2022-08-19,-1.1492214316537277
2022-08-22,1.3420529746991747
2022-08-23,-0.01823617555255493
2022-08-24,-0.42051355714411737
2022-08-25,0.6507122039022001
2022-08-26,-0.10050679285194548
2022-08-29,-1.1351051382054627
2022-08-30,0.8831562785154845
2022-08-31,-0.30044086993093516
2022-09-01,-0.1795184243917459
2022-09-02,-0.6426923534361839
2022-09-05,0.40603602709188147
2022-09-06,-0.12049480696466762
2022-09-07,-0.4712992448413868
2022-09-08,0.8921924603406578
2022-09-09,1.0589615528893574
2022-09-12,0.33880001694462764
2022-09-13,0.5268612629066678
2022-09-14,-0.7851854767306198
2022-09-15,0.4471174729026695
2022-09-16,0.024774199041301664
2022-09-19,-0.223366284672709
2022-09-20,0.6306915494374796
2022-09-21,0.16815319616004495
2022-09-22,-0.29920440617529903
2022-09-23,-1.2238344192280246
2022-09-26,-0.9817359610378921
2022-09-27,-0.6917756646036893
2022-09-28,-1.4383635539400352
2022-09-29,0.3384096290482736
2022-09-30,0.8405006158220081
2022-10-03,-0.553166811940772
2022-10-04,0.8110215828158701
2022-10-05,0.6503301414322178
2022-10-06,0.23048654834352253
2022-10-07,-0.0972500148929979
2022-10-10,-1.2235927787752974
2022-10-11,0.13597686037501847
2022-10-12,0.039452613875653575
2022-10-13,-1.456680235995247
2022-10-14,0.6353051606126969
2022-10-17,-1.2449687176246422
2022-10-18,0.6165135213027734
2022-10-19,0.5132457982429229
2022-10-20,-0.3026224925470085
2022-10-21,-0.8411496221369328
2022-10-25,1.0455824877537734
2022-10-26,-0.08262047333014924
2022-10-27,0.2199764711935427
2022-10-28,2.8665515927275727
2022-10-31,1.6501691467342472
2022-11-01,0.7769215963564001
2022-11-02,-0.07745607233018394
2022-11-03,-0.8870647309077628
2022-11-04,0.9612537074855325
2022-11-07,0.2992100524751274
2022-11-08,0.6438133558179382
2022-11-09,0.6836268311670949
2022-11-10,-0.07247451867965471
2022-11-11,1.0005473247544854
2022-11-14,0.707196955051047
2022-11-15,0.7635897127891412
2022-11-16,-0.41656385753437003
2022-11-17,0.9988251608008643
2022-11-18,0.24689915896373382
2022-11-21,-0.773637847477736
2022-11-22,0.33624798627185104
2022-11-23,-0.18932564339290278
2022-11-24,-0.42410104259938836
2022-11-25,-0.5049841232758862
2022-11-28,-0.07111018636476145
2022-11-29,1.1879607458697783
2022-11-30,0.8463242245398245
2022-12-01,-0.33154223993914883
2022-12-02,-1.2908777598874928
2022-12-05,0.04391470907786501
2022-12-06,-0.6476854854440549
2022-12-07,-0.8092867446266249
2022-12-08,0.22634506478202124
2022-12-09,0.5210515007338005
2022-12-12,0.4275941146213911
2022-12-13,0.7747867711023378
2022-12-14,-0.32075705657888176
2022-12-15,-0.3489813596385222
2022-12-16,-0.7420175123512903
2022-12-19,0.57895102797439
2022-12-20,0.4012928043251027
2022-12-21,-0.17887709669681662
2022-12-22,0.4201045887377289
2022-12-23,-0.34169506624005325
2022-12-27,0.17801825816850392
2022-12-28,-0.010980781711795812
2022-12-29,-0.7896501503852801
2022-12-30,-0.22751639702610738
2023-01-03,0.12447147683873787
2023-01-04,0.011727850449148222
2023-01-05,1.694325901361492
2023-01-06,-0.27826722624435424
2023-01-09,1.0907294852296128
2023-01-10,-1.7068952098235635
2023-01-11,0.43608420483756144
2023-01-12,-0.6408061813961211
2023-01-13,1.1921457601487528
2023-01-16,-0.8894935817174127
2023-01-17,-0.18826207138773618
2023-01-18,0.07314339177258199
2023-01-19,-0.8795843595006488
2023-01-20,0.4202373714702636
2023-01-25,1.9833831184506945
2023-01-26,0.6548062858019885
2023-01-27,0.4716740830698363
2023-01-30,-0.4282422994484585
2023-01-31,-0.3188317789865776
2023-02-01,0.035347702209113596
2023-02-02,-1.0566491731568786
2023-02-03,1.2968175320511381
2023-02-06,0.5160756944250005
2023-02-07,0.40947612990236976
2023-02-08,0.8417292948660706
2023-02-09,-0.8555969862107644
2023-02-10,0.3929722585194008
2023-02-13,-1.3455837052444763
2023-02-14,-0.34147260297179316
2023-02-15,-1.2833018550013617
2023-02-16,1.593398477391861
2023-02-17,0.8443794462768169
2023-02-20,-0.6342701365784382
2023-02-21,-0.10461755570697671
2023-02-22,-0.18386895876949216
2023-02-23,-2.495037240500306
2023-02-24,0.3950446315256892
2023-02-27,0.1209882957670503
2023-02-28,-0.26652334403675954
2023-03-01,-0.525495403307807
2023-03-02,-1.0245172744043618
2023-03-03,0.01357564920745826
2023-03-06,0.2717300249460724
2023-03-07,0.43974500067610345
2023-03-08,-0.4491852504072105
2023-03-09,-0.4262994389051726
2023-03-10,-1.4892558338363389
2023-03-13,-1.5128623857588812
2023-03-14,-1.1614322024798953
2023-03-15,1.6294955051206816
2023-03-16,-0.9922189376168632
2023-03-17,0.9371663084940683
2023-03-20,-1.2203582689013368
2023-03-21,1.586583325262562
2023-03-22,1.966286539810918
2023-03-23,-0.15445084849420246
2023-03-24,-0.21328672764409884
2023-03-27,0.43987624075105586
2023-03-28,0.8480590770464412
2023-03-29,0.12921514361930128
2023-03-30,-0.5866213589950591
2023-03-31,-0.6446000657305158
2023-04-03,0.07664817645171991
2023-04-04,1.1873207129939685
2023-04-05,0.21608366256489497
2023-04-06,-0.07502335008068174
2023-04-10,0.05076916873637699
2023-04-11,0.38343971387361475
2023-04-12,-0.34039149839491084
2023-04-13,0.29552956345056963
2023-04-14,0.3549508819782116
2023-04-17,0.30039572055772906
2023-04-18,-0.5840253671128265
2023-04-19,0.7666281957734341
2023-04-20,-0.9154930799768342
2023-04-21,-0.126583274580203
2023-04-24,0.19864380922370617
2023-04-25,-0.6870509161745121
2023-04-26,-0.42534430366950643
2023-04-27,-0.1896746382183454
2023-04-28,-0.07746235056090446
2023-05-02,0.3902893391012983
2023-05-03,-1.0729696147544534
2023-05-04,0.01062936666858602
2023-05-05,-0.3635029810478705
2023-05-08,0.5486735883883962
2023-05-09,-0.10355389541287867
2023-05-10,0.04647872422083238
2023-05-11,-0.7732568762795774
2023-05-12,-0.861860020998912
2023-05-15,0.6028974615095056
2023-05-16,-0.10739429011127205
2023-05-17,-1.283696317636225
2023-05-18,0.16334752914305747
2023-05-19,0.9528862311270121
2023-05-22,0.1144238080865961
2023-05-23,0.6904736288204911
2023-05-24,-0.4023581520188701
2023-05-25,0.7514505985785908
2023-05-26,-0.014443932936297236
2023-05-29,-0.2590768532537195
2023-05-30,-0.22337646521046875
2023-05-31,-1.1090949988621035
2023-06-01,0.08811508148917215
2023-06-05,0.9360118614123488
2023-06-06,0.32754177902160103
2023-06-07,-0.33225861324890504
2023-06-08,0.5884854552426911
2023-06-09,-0.3695721814436288
2023-06-12,0.2666464078415552
2023-06-13,-0.5751557879713496
2023-06-14,0.5777627414720474
2023-06-15,-0.21639454075566378
2023-06-16,0.6917099808065711
2023-06-19,-0.40072165118413494
2023-06-20,0.05902329599573472
2023-06-21,0.1877296565250802
2023-06-22,0.2461110583706735
2023-06-23,-0.6713029934073286
2023-06-26,-0.08829695663557564
2023-06-27,-0.49202199233246274
2023-06-28,0.16259495635874358
2023-06-30,0.40595864502903095
2023-07-03,0.06943772185086879
2023-07-04,-0.07067888116109818
2023-07-05,-0.656640767834272
2023-07-06,-1.280045117298442
2023-07-07,-0.3150260538571464
2023-07-10,0.37029141406451666
2023-07-11,0.022542305278806924
2023-07-12,0.14046947796783846
2023-07-13,2.0488503885235816
2023-07-14,0.21515933889890151
2023-07-17,0.5672842833346777
2023-07-18,0.0909764845502493
2023-07-19,1.8693014555253835
2023-07-20,-0.5300624813625406
2023-07-21,0.5593543900502281
2023-07-24,-0.7426398552786239
2023-07-25,0.6184334813577824
2023-07-26,1.0222265501479824
2023-07-27,1.455709061599779
2023-07-28,1.9701296807863222
2023-07-31,0.4344774994328815
2023-08-01,0.25239753261187275
2023-08-02,-1.1403312487283281
2023-08-03,-0.5717425979113974
2023-08-04,0.027545778119786868
2023-08-07,0.3835467075993961
2023-08-08,0.41170418171878537
2023-08-10,0.41135317265340127
2023-08-11,-0.7883345040206158
2023-08-14,-0.5013508048756504
2023-08-15,-0.6974141722024193
2023-08-16,-0.9609253980923821
2023-08-17,-0.6970485553793093
2023-08-18,-0.37351947238076466
2023-08-21,-0.5472806392123133
2023-08-22,0.3241365067144047
2023-08-23,0.6186377474012058
2023-08-24,-0.17989263926603724
2023-08-25,0.3894095208426877
2023-08-28,0.8514001867020103
2023-08-29,0.6116424409077984
2023-08-30,-0.5376394900332743
2023-08-31,0.41057332278433906
2023-09-04,0.6241155456695168
2023-09-05,-0.435705847117366
2023-09-06,0.1516144520016181
2023-09-07,0.08944552801028978
2023-09-08,-1.007937602407085
2023-09-11,0.691498923336971
2023-09-12,-0.397369726453134
2023-09-13,0.8252496943014894
2023-09-14,1.2751591596308691
2023-09-15,0.9077863131873256
2023-09-18,-0.6394332011463211
2023-09-19,-1.1121868012435447
2023-09-20,-0.14228340835202036
2023-09-21,-1.3082175028632939
2023-09-22,0.3282977193342148
2023-09-25,0.7599918088795015
2023-09-26,0.1057533314544576
2023-09-27,-0.2941277102723025
2023-09-28,0.24736520585782948
2023-09-29,0.42335628808006814
2023-10-02,-0.2632712662595939
2023-10-03,-0.1420292000297301
2023-10-04,-0.9392035499648436
2023-10-05,0.4192989117828234
2023-10-06,0.8955490765718267
2023-10-09,-0.11829342939084198
2023-10-10,1.0342293452404887
2023-10-11,-0.31632584253852575
2023-10-12,0.7016305349459268
2023-10-13,-0.8912240461873089
2023-10-16,-0.5239345486205237
2023-10-17,0.38981033702711176
2023-10-18,-0.6436595563159825
2023-10-19,-0.7527235364680426
2023-10-20,-0.3384317309922403
2023-10-23,-0.44829448044500136
2023-10-24,0.34629694203811795
2023-10-25,0.25444606431310385
2023-10-26,-0.5174472643729048
2023-10-27,-0.5512285162268573
2023-10-30,-0.27710373720083303
2023-10-31,-0.22778992799690465
2023-11-01,0.43484911663676895
2023-11-02,-0.6868856278261396
2023-11-03,2.3924914754207123
2023-11-06,1.1612614399695504
2023-11-07,-0.11984097981928653
2023-11-08,-1.2607072469511815
2023-11-09,0.3569688090299843
2023-11-10,-0.7357151076251375
2023-11-14,-0.22860174797901442
2023-11-15,-0.38962529372626903
2023-11-16,0.6172241963178542
2023-11-17,-0.05987405446013817
2023-11-20,-0.6350754884085043
2023-11-21,-1.1522580543544767
2023-11-22,0.7996316346236058
2023-11-23,-0.23264567921472004
2023-11-24,-0.5320596098322248
2023-11-27,-0.23442949008066719
2023-11-28,-0.20712073434761746
2023-11-29,0.4678311044503734
2023-11-30,-0.5395852444796858
2023-12-01,0.5424026318126242
2023-12-04,-0.33574549572512646
2023-12-05,-0.3518676522325595
2023-12-06,0.1421978037788547
2023-12-07,-0.7069492413880089
2023-12-08,1.291692532656808
2023-12-11,-0.6830190222102157
2023-12-12,0.374381951640337
2023-12-13,0.39778751906142507
2023-12-14,-0.5256567480798026
2023-12-15,-0.5953316094789517
2023-12-18,0.7213786703848242
2023-12-19,0.04334113568488366
2023-12-20,-0.41061820602534854
2023-12-21,-0.002951577912260047
2023-12-22,1.1504799888985888
2023-12-26,-0.07033543486578116
2023-12-27,1.097466645978514
2023-12-28,1.6455719161698366
2023-12-29,0.6590935657302408
2024-01-02,-0.27718981379723867
2024-01-03,-0.9624638035035984
2024-01-04,-0.5453826144486881
2024-01-05,0.6523685327436547
2024-01-08,-0.0062294418087131724
2024-01-09,0.35683690605299906
2024-01-10,-0.8257303466979685
2024-01-11,0.48801783485130906
2024-01-12,-0.17344117617321256
2024-01-15,0.3439723334307388
2024-01-16,-0.7649936647612438
2024-01-17,-1.301050667642574
2024-01-18,0.29265977790726416
2024-01-19,0.395275498624194
2024-01-22,-0.060761873315145376
2024-01-23,0.011012087881263621
2024-01-24,-0.1354225262228443
2024-01-25,0.38099896326377664
2024-01-26,0.8054185988556307
2024-01-29,-0.699547062562806
2024-01-30,-0.28781486643982807
2024-01-31,0.37380305761027605
2024-02-01,-0.2171459906243048
2024-02-02,1.1464643734774214
2024-02-05,-1.144740999154167
2024-02-06,-0.5474349090445272
2024-02-07,1.4421136288317404
2024-02-08,-0.023047248619633028
2024-02-09,-0.08971107214689888
2024-02-13,0.043372542614192426
2024-02-14,0.1998853203991591
2024-02-15,1.7175238299265037
2024-02-16,1.384217227055223
2024-02-19,0.6920247506080331
2024-02-20,0.43959795995171896
2024-02-21,-0.6956331343265815
2024-02-22,-0.6805156382581027
2024-02-23,-0.6105747705945331
2024-02-26,-0.5093259455277014
2024-02-27,-0.026400077795904295
2024-02-28,-0.8925494139993898
2024-02-29,-0.4107247039253654
2024-03-01,0.5299703640510333
2024-03-04,-0.15108824824127592
2024-03-05,-0.01995541012272715
2024-03-06,0.7909352368152186
2024-03-07,-0.032189195366431
2024-03-08,0.2242586900607044
2024-03-11,-0.23445160312142313
2024-03-12,-0.2653471816938224
2024-03-13,1.1548169085340727
2024-03-14,1.352518790347064
2024-03-15,-0.03646822209864933
2024-03-18,0.3433943715352579
2024-03-19,0.17029804721554162
2024-03-20,-0.01732376455470432
2024-03-21,1.5774587239795397
2024-03-22,-0.11092219616351352
2024-03-25,-0.7612443843195275
2024-03-26,1.442983929426063
2024-03-27,1.0879326891316865
2024-03-28,-1.580765595354802
2024-04-01,0.20884077711850968
2024-04-02,0.7123545062357709
2024-04-03,-0.3457599841807279
2024-04-04,0.5225199072432385
2024-04-05,-0.3783225693112688
2024-04-08,-0.011390025183497557
2024-04-09,0.7004750494043915
2024-04-11,0.1801640229866284
2024-04-12,-0.02722871757302293
2024-04-15,-0.5914943033439503
2024-04-16,-0.9804073396828227
2024-04-17,0.9905551527775374
2024-04-18,1.386432757500783
2024-04-19,-0.3293811963006594
2024-04-22,1.8761074973323872
2024-04-23,1.68197194808595
2024-04-24,0.14003726399203406
2024-04-25,0.7303075423965611
2024-04-26,-0.2892581615985791
2024-04-29,0.30488101679812313
2024-04-30,0.09904234440469241
2024-05-02,0.9016359034986768
2024-05-03,0.14085612521037633
2024-05-06,0.03725148683879376
2024-05-07,0.07722816138777266
2024-05-08,-1.1613724960546756
2024-05-09,1.0099628062424424
2024-05-10,0.6016769940002621
2024-05-13,0.20420653537065211
2024-05-14,0.008676176896633617
2024-05-15,-0.19039364630805378
2024-05-16,0.2981188941702079
2024-05-17,0.6306992700448145
2024-05-20,-0.009136926050903016
2024-05-21,-0.192412567313722
2024-05-23,0.7634533200085082
2024-05-24,-0.07356191476913397
2024-05-27,-0.09626016252731133
2024-05-28,0.11674630622191405
2024-05-29,-0.4033388013218942
2024-05-30,0.02193895393511412
2024-05-31,0.8712125714980291
2024-06-03,0.26305939080101653
2024-06-04,-0.6667596787075113
2024-06-05,-0.8260114589258651
2024-06-06,0.26515065921148623
2024-06-07,-0.06206460289040186
2024-06-10,-0.0230237801334172
2024-06-11,-0.34276993448537957
2024-06-12,0.27458796341987657
2024-06-13,0.49266201314672603
2024-06-14,-0.9506097470197913
2024-06-18,0.192627793849542
2024-06-19,0.1490142079020223
2024-06-20,-0.2988619386537987
2024-06-21,-0.023858352819089084
2024-06-24,0.44667297575077075
2024-06-25,0.6821381727229037
2024-06-26,0.15417389219951602
2024-06-27,0.6740444502860732
2024-06-28,-0.1906773554935348
2024-07-01,0.43531082579282915
2024-07-02,1.9456290839834665
2024-07-03,1.813487221444154
2024-07-04,0.7021637881294233
2024-07-05,-0.8985459042093541
2024-07-08,-0.07279613464394187
2024-07-09,0.7640054220892488
2024-07-10,1.0698188833853235
2024-07-11,-0.006654895383592578
2024-07-12,-0.1272715318201543
2024-07-15,-0.008365347528850523
2024-07-16,-0.7930816592195903
2024-07-17,0.0032320370768617415
2024-07-18,-0.8252327987359892
2024-07-19,-0.5940171953988483
2024-07-22,-0.3318601598061947
2024-07-23,1.0408660966893588
2024-07-24,-0.09890716441487686
2024-07-25,-1.0583339683386608
2024-07-26,-0.8536459503258916
2024-07-29,0.2890843380366531
2024-07-30,0.1336483800658728
2024-07-31,0.23262367120206665
2024-08-01,-0.9487642390663457
2024-08-02,-0.8907726815540628
2024-08-05,-5.673371552810647
2024-08-06,-1.5145707719851398
2024-08-07,1.7447755906660831
2024-08-08,0.4758236965525837
2024-08-12,0.6952312479514752
2024-08-13,0.21662234646339443
2024-08-14,1.0684085262140903
2024-08-15,1.282167562985362
2024-08-16,1.882001001819381
2024-08-19,0.2481096263049709
2024-08-20,0.5773203517079656
2024-08-21,-0.2773027003022024
2024-08-22,-0.5087089770074744
2024-08-23,0.8123530807116506
2024-08-26,0.23567942068166303
2024-08-27,0.25122951463430016
2024-08-28,-0.5496675141294501
2024-08-29,0.3951966230312875
2024-08-30,1.1471460655791825
2024-09-02,0.853159268564755
2024-09-03,1.0321599380676318
2024-09-04,-1.435055011858349
2024-09-05,0.35642270750693
2024-09-06,-0.3941839242854748
2024-09-09,1.8819246375767227
2024-09-10,0.39580183942463393
2024-09-11,0.2685556448772791
2024-09-12,0.8444268477001483
2024-09-13,0.34322907176436646
2024-09-16,-0.221391784847113
2024-09-17,0.3869056419814266
2024-09-18,0.21823811561508313
2024-09-19,0.7916915696051889
2024-09-20,0.6648611434824669
2024-09-23,1.0673962268865664
2024-09-24,-1.0978698688119042
2024-09-25,-1.3738826708007255
2024-09-26,-0.3127059695303729
2024-09-27,-1.0230684070793103
2024-09-30,0.32272990159500536
2024-10-01,-0.5547286442975892
2024-10-02,-0.25017686208396656
2024-10-03,-0.2593789129160026
2024-10-04,0.26593034437324814
2024-10-07,0.4132798751921623
2024-10-08,-0.2699206362089933
2024-10-09,0.9676115679905287
2024-10-10,-0.17288099092262413
2024-10-11,-0.23659430862612973
2024-10-14,1.2601946646385607
2024-10-15,0.2833021695049817
2024-10-16,-0.4489292250581292
2024-10-17,0.9676123061132683
2024-10-18,0.5480442956264863
2024-10-21,-0.8401964542183623
2024-10-22,-0.7751051466309994
2024-10-23,0.8026425841837491
2024-10-24,0.3726913998634056
2024-10-25,-0.31133686564043633
2024-10-28,-0.25079501330846743
2024-10-29,0.8739547263095879
2024-10-30,-1.6673485500719563
2024-11-01,-0.006689985332442111
2024-11-04,0.1708755982523853
2024-11-05,-0.002602192232014263
2024-11-06,1.0436221847668363
2024-11-07,3.959883258549555
2024-11-08,3.241053158976719
2024-11-11,1.6941152232562475
2024-11-12,-1.663551781365297
2024-11-13,0.5014753153682858
2024-11-14,1.5038659827865348
2024-11-15,0.21802972992148847
2024-11-18,-0.32118477515869853
2024-11-19,0.16866996076976204
2024-11-20,-0.46659594866596416
2024-11-21,0.1002934228771236
2024-11-22,0.1373691525707312
2024-11-25,-1.0009075498182647
2024-11-26,-0.30134664618475027
2024-11-27,0.0519198884239313
2024-11-28,0.8847349576045899
2024-11-29,0.01360875236729873
2024-12-02,-0.03340977633419636
2024-12-03,1.0832401291965092
2024-12-04,0.3303900423353055
2024-12-05,0.9275570327947834
2024-12-06,-0.6218159907851202
2024-12-09,0.18806208076437933
2024-12-10,0.9624695677548406
2024-12-11,-0.4880525457790385
2024-12-12,0.564972331169939
2024-12-13,-0.03578677225811875
2024-12-16,0.7713833844743916
2024-12-17,-0.6245640623680726
2024-12-18,-1.1041106391023854
2024-12-19,-0.19316491589619456
2024-12-20,-1.6778718523879803
2024-12-23,0.999659424325818
2024-12-24,0.376323292853539
2024-12-26,-0.3764564641716568
2024-12-27,-0.005709064680538667
2024-12-30,0.9032331458021742
