Date,r_IDN
2015-01-05,-0.28351476589090113
2015-01-06,-0.7019941080714296
2015-01-07,1.1651350258426183
2015-01-08,0.4840763630122151
2015-01-09,0.5387171112431159
2015-01-12,-1.4895125932097815
2015-01-13,-0.019662057387206316
2015-01-14,-0.4825598219766652
2015-01-15,0.4617720938396063
2015-01-16,-0.9753356770142353
2015-01-19,0.27815367957848786
2015-01-20,-0.14695716050000132
2015-01-21,0.6000862241702386
2015-01-22,0.5385678732863542
2015-01-23,2.573749770697632
2015-01-26,-1.2564309333027477
2015-01-27,0.19139470339012157
2015-01-28,-0.7484325951464861
2015-01-29,0.12531282432467175
2015-01-30,0.12938208271274124
2015-02-02,0.8291870382303497
2015-02-03,0.7384250684107788
2015-02-04,1.1174995936938503
2015-02-05,-1.0644230592060797
2015-02-06,0.15222305254215535
2015-02-09,1.3262657216737317
2015-02-10,-0.40681821499247955
2015-02-11,0.9208343207551289
2015-02-12,0.5058287676723712
2015-02-13,0.9994533604999608
2015-02-16,-0.34208492965290843
2015-02-17,-0.10426869240985942
2015-02-18,1.9289389673654167
2015-02-20,1.0188157790362935
2015-02-23,-0.6816550212630924
2015-02-24,0.32080815773908467
2015-02-25,0.5124578206999507
2015-02-26,-0.06483734594383003
2015-02-27,0.21458546192536113
2015-03-02,0.4878159283902875
2015-03-03,-0.06499020154494262
2015-03-04,-0.21223584519452746
2015-03-05,0.16738411312816934
2015-03-06,1.574022713034549
2015-03-09,-1.739185669845483
2015-03-10,0.6161529142193596
2015-03-11,-0.831638057239599
2015-03-12,0.023953547404289222
2015-03-13,-0.6254339510839796
2015-03-16,0.7868006283045116
2015-03-17,-0.12296930315844957
2015-03-18,0.3532396840607131
2015-03-19,0.9408144042857142
2015-03-20,-0.21039407502951876
2015-03-23,0.22123650055861352
2015-03-24,0.8004640787016394
2015-03-25,0.4154652586135968
2015-03-26,-0.22290657648346734
2015-03-27,0.17968398967696853
2015-03-30,0.4032334455074617
2015-03-31,2.3899723490418503
2015-04-01,-1.236496066751948
2015-04-02,-0.05626190231053784
2015-04-06,0.6254393946153516
2015-04-07,0.6551252734586863
2015-04-08,-1.0697772145220543
2015-04-09,-0.1606176087434494
2015-04-10,-0.1830327166083013
2015-04-13,0.019135648925797073
2015-04-14,-0.7247049386346095
2015-04-15,0.3007143867873722
2015-04-16,0.32589073721817136
2015-04-17,-0.43627532110583883
2015-04-20,0.4768996196621507
2015-04-21,0.783352367335155
2015-04-22,-0.463878200323193
2015-04-23,-0.3311516409056746
2015-04-24,-0.5353583779486246
2015-04-27,-5.946579581392079
2015-04-28,-1.8259164892574542
2015-04-29,-3.128227875143667
2015-04-30,0.5642060160888684
2015-05-04,1.9052066316997198
2015-05-05,0.6653722464273477
2015-05-06,0.294837216130225
2015-05-07,-1.0209789218916623
2015-05-08,0.25358905849585206
2015-05-11,0.024283914992661398
2015-05-12,1.207516512161652
2015-05-13,0.33923686894319394
2015-05-15,-2.4331012127937854
2015-05-18,1.19809753468445
2015-05-19,1.1765430662364593
2015-05-20,1.3061729745922552
2015-05-21,2.3410877937722607
2015-05-22,-0.44616097603687255
2015-05-25,-1.596515401143727
2015-05-26,0.10892828243176517
2015-05-27,-1.7746664990808199
2015-05-28,-1.196884250612895
2015-05-29,-0.2774347263180164
2015-06-01,-0.3746744693389185
2015-06-03,-3.111652502375218
2015-06-04,-0.3903146286117915
2015-06-05,1.0530768146845217
2015-06-08,-2.2725909160866298
2015-06-09,-3.4647008040800014
2015-06-10,-0.42912955190518914
2015-06-11,-1.5128303910688998
2015-06-12,1.3287283789202164
2015-06-15,-2.244257916350158
2015-06-16,1.8526620916372671
2015-06-17,3.2620371570441455
2015-06-18,-1.4454696550443984
2015-06-19,2.1243671188360502
2015-06-22,-0.32570069807343577
2015-06-23,-0.3317437607356772
2015-06-24,-2.203433422681008
2015-06-25,-0.3592002111589889
2015-06-26,1.4034901137969982
2015-06-29,-0.6914253431708693
2015-06-30,0.0025998614332959544
2015-07-01,0.4717245586408934
2015-07-02,1.506433303948488
2015-07-03,0.23682557568282434
2015-07-06,-2.225526643011886
2015-07-07,-0.008342524131470075
2015-07-08,-1.1543931961021865
2015-07-09,-0.11248292927663488
2015-07-10,1.0221505752186426
2015-07-13,0.6637811147175489
2015-07-14,0.5732923120421786
2015-07-15,-1.8723444515774557
2015-07-22,2.1632118115756898
2015-07-23,-0.810886904729924
2015-07-24,-0.8837581431035476
2015-07-27,-3.299701421220972
2015-07-28,-3.0547539227843785
2015-07-29,0.40739086651108614
2015-07-30,-0.5728766739030016
2015-07-31,3.012529467730427
2015-08-03,2.453605378708612
2015-08-04,-0.641187447336608
2015-08-05,3.1944908722738163
2015-08-06,0.1651836400388857
2015-08-07,-1.3385833119897335
2015-08-10,-0.1141529414338079
2015-08-11,-3.4361158682141126
2015-08-12,-3.8104906831112935
2015-08-13,2.342454265983464
2015-08-14,0.416155964361274
2015-08-18,-2.8633161652856978
2015-08-19,-0.7566163311739252
2015-08-20,-1.7290787049367549
2015-08-21,-2.6597964144294335
2015-08-24,-4.205213584741777
2015-08-25,3.4959650847035975
2015-08-26,1.7003481721619813
2015-08-27,6.2256725699871085
2015-08-28,0.612537934468904
2015-08-31,0.9346074129789628
2015-09-01,-3.942412958527981
2015-09-02,-0.19115740638184153
2015-09-03,-0.0014131492861158372
2015-09-04,-0.38300472920197154
2015-09-07,-2.188428155357896
2015-09-08,0.3463110855479676
2015-09-09,-0.029714467703201002
2015-09-10,-1.3219890273726247
2015-09-11,0.020077137672655843
2015-09-14,0.5722997038014449
2015-09-15,-0.22367814684242693
2015-09-16,-0.5589169496495413
2015-09-17,2.482459575542136
2015-09-18,-0.7057363478690918
2015-09-21,-1.3295011206136007
2015-09-22,-0.686641459258245
2015-09-23,-4.986948390969341
2015-09-25,-2.54555057010609
2015-09-28,-2.794529643583253
2015-09-29,2.5018890875846065
2015-09-30,2.8477550878359437
2015-10-01,-0.25784099850554426
2015-10-02,-1.8187316023456142
2015-10-05,5.734131463465005
2015-10-06,4.942965515913844
2015-10-07,1.6038391084179573
2015-10-08,0.5822681776767691
2015-10-09,2.862396099292415
2015-10-12,1.493288838807481
2015-10-13,-4.386152905837741
2015-10-15,0.20839546778372084
2015-10-16,0.21207481955700425
2015-10-19,2.067804653114513
2015-10-20,1.1857059839819455
2015-10-21,-0.012188742169749653
2015-10-22,0.47653888971962055
2015-10-23,2.5159600429751916
2015-10-26,2.214674160028275
2015-10-27,0.26008121704651843
2015-10-28,-2.350425717319627
2015-10-29,-3.7545818576979624
2015-10-30,-2.474964490891056
2015-11-02,-1.7056036610394434
2015-11-03,3.4649349311617983
2015-11-04,2.6913297936156986
2015-11-05,-1.1472158490346858
2015-11-06,-0.07778443239805158
2015-11-09,-2.4912910008158153
2015-11-10,-2.077900690935689
2015-11-11,-0.6966985016430477
2015-11-12,0.96441076370078
2015-11-13,1.186036637172118
2015-11-16,-0.7438460491273388
2015-11-17,2.2299994730997503
2015-11-18,0.02532418457611087
2015-11-19,0.3305413158119568
2015-11-20,0.20466179820981925
2015-11-23,0.5696390534553446
2015-11-24,0.49126462102512874
2015-11-25,2.1709042219703423
2015-11-26,1.343886062279875
2015-11-27,-2.5455287437085885
2015-11-30,-5.42314439431546
2015-12-01,5.248130050438242
2015-12-02,0.19953254502667941
2015-12-03,-0.37664972039695305
2015-12-04,-0.5576044622099707
2015-12-07,0.8146141959995242
2015-12-08,-1.3318642698586824
2015-12-09,0.0
2015-12-10,0.6512187270070745
2015-12-11,-1.3755110169147295
2015-12-14,-0.9447492857859509
2015-12-15,0.45950735480486515
2015-12-16,3.5045220169004545
2015-12-17,1.4440757238884399
2015-12-18,-4.342056953676173
2015-12-21,1.1245531258421828
2015-12-22,-0.08729959905489189
2015-12-23,0.08729959905489944
2015-12-28,1.7325099200043503
2015-12-29,0.2716348990454352
2015-12-30,0.6520808803199803
2016-01-04,-0.04292770065966397
2016-01-05,1.1126032313079164
2016-01-06,-0.6723206501702337
2016-01-07,-2.217337672655393
2016-01-08,1.656175379957672
2016-01-11,-1.9351217944951344
2016-01-12,1.9199119223127203
2016-01-13,0.7293903764599682
2016-01-14,-0.02442446848175524
2016-01-15,-1.1235971432103204
2016-01-18,-0.2100500839610163
2016-01-19,0.9045128659794953
2016-01-20,-1.7876990918820752
2016-01-21,-0.8165450070473049
2016-01-22,1.7538506512258405
2016-01-25,1.2886217739630543
2016-01-26,-0.6856866673664967
2016-01-27,0.5633116538018479
2016-01-28,-0.41632242940151215
2016-01-29,0.14790410711752908
2016-02-01,0.4032467581246945
2016-02-02,-1.3515564790855386
2016-02-03,-0.8727067438083879
2016-02-04,2.4636651904049707
2016-02-05,5.730199894198699
2016-02-09,-2.184895891923505
2016-02-10,-1.3788702859777375
2016-02-11,1.0581769627814905
2016-02-12,-1.3284903118591134
2016-02-15,0.6550679865878836
2016-02-16,0.09417852289527014
2016-02-17,-0.10158285463383725
2016-02-18,0.22498682950067858
2016-02-19,-3.935637372151868
2016-02-22,-0.7380434501083775
2016-02-23,-1.8853660699050543
2016-02-24,0.5798287665423364
2016-02-25,-0.8493920238665331
2016-02-26,2.477833304424068
2016-02-29,1.257648658463104
2016-03-01,-1.6851428062697302
2016-03-02,1.5816567881528811
2016-03-03,0.9714075893763309
2016-03-04,1.0456963067407694
2016-03-07,0.748304644676376
2016-03-08,-0.5690872441926436
2016-03-10,-0.6388996408304776
2016-03-11,0.0
2016-03-14,0.0
2016-03-15,0.9056093246681947
2016-03-16,-0.013996172882253697
2016-03-17,-0.09280699081251252
2016-03-18,0.3158786710666209
2016-03-21,0.42141616486627526
2016-03-22,0.2597991463327723
2016-03-23,-0.23358201417439972
2016-03-24,-0.5163234209699984
2016-03-28,-1.3913962112734393
2016-03-29,-0.22046453519372747
2016-03-30,2.006727386798893
2016-03-31,1.0922168794778406
2016-04-01,-0.6936406886445249
2016-04-04,0.30921170967576583
2016-04-05,0.6488431717311468
2016-04-06,-0.5453094265512426
2016-04-07,-0.2641858503330245
2016-04-08,-2.466056088859254
2016-04-11,0.0
2016-04-12,-1.6393443227119031
2016-04-13,0.0
2016-04-14,0.0
2016-04-15,0.26928143211251854
2016-04-18,0.0
2016-04-19,0.0
2016-04-20,0.34441312577118754
2016-04-21,1.1330361228757801
2016-04-22,1.0167104255012798
2016-04-25,-2.3276916185194296
2016-04-26,-1.9585975221354832
2016-04-27,0.6921480059857837
2016-04-28,1.1886685146506675
2016-04-29,-0.6155716892094419
2016-05-02,-0.46216627804637594
2016-05-03,1.7048420373577544
2016-05-04,-0.9429305566184972
2016-05-09,-2.4036526969274137
2016-05-10,0.7431020392635306
2016-05-11,0.38207651299196876
2016-05-12,-0.7707446105392227
2016-05-13,-0.7935280507580398
2016-05-16,-1.0666970819233974
2016-05-17,-1.9437471746644046
2016-05-18,-0.35290314701843917
2016-05-19,0.9560428330292813
2016-05-20,-0.38825661440295905
2016-05-23,1.1837055246104295
2016-05-24,-0.6571548944166444
2016-05-25,1.2385803492376763
2016-05-26,1.02364629073997
2016-05-27,0.4427075310881368
2016-05-30,2.0409734211537267
2016-05-31,-2.293828135180451
2016-06-01,1.4063985519951485
2016-06-02,-0.5357890088386793
2016-06-03,-0.023664615428125552
2016-06-06,1.178428922583488
2016-06-07,0.8044510881794665
2016-06-08,0.0878321128077011
2016-06-09,-1.9264357958909697
2016-06-10,-0.3538986493625738
2016-06-13,-1.9421398577154394
2016-06-14,-0.49738276138679766
2016-06-15,0.5364012189911683
2016-06-16,0.5010016978340923
2016-06-17,-0.094406672796379
2016-06-20,0.5109868009144934
2016-06-21,-0.03536831167513225
2016-06-22,0.5133345500804148
2016-06-23,0.16662601312913247
2016-06-24,-0.947573421698774
2016-06-27,-0.3631066177843028
2016-06-28,2.6926260495529832
2016-06-29,2.1715827348539456
2016-06-30,0.18920647501569018
2016-07-01,-0.8461154467103958
2016-07-11,3.543635544574973
2016-07-12,2.6428643742846236
2016-07-13,-0.647686359715914
2016-07-14,-1.414084181860778
2016-07-15,0.982786410555978
2016-07-18,-0.19181460829755048
2016-07-19,3.1899725748307635
2016-07-20,1.6147316207669327
2016-07-21,-1.8130236891174274
2016-07-22,-0.9404604938897537
2016-07-25,-0.2769480888186169
2016-07-26,-0.017220474107597566
2016-07-27,1.4408259719585972
2016-07-28,-0.8673347577559364
2016-07-29,0.42123369159640633
2016-08-01,2.9927476186616278
2016-08-02,0.6644066739022555
2016-08-03,-1.0522778119806178
2016-08-04,0.879356854255643
2016-08-05,3.295124804463292
2016-08-08,1.2066874141869788
2016-08-09,-0.20911878567487138
2016-08-10,-0.825101744715131
2016-08-11,-1.3791506553005677
2016-08-12,-0.04856874621403454
2016-08-15,0.5497327475077277
2016-08-16,0.8867730697032808
2016-08-18,0.4579230969847677
2016-08-19,0.0148153594066332
2016-08-22,-0.565166460066726
2016-08-23,-1.202950773917433
2016-08-24,0.48902864929036055
2016-08-25,0.604818750192132
2016-08-26,-0.3919791161165247
2016-08-29,-1.7673277496225086
2016-08-30,0.3138387667247728
2016-08-31,0.3223484120222473
2016-09-01,-0.4166033944572551
2016-09-02,0.08527167502971689
2016-09-05,0.4980478629385508
2016-09-06,0.2667052898474736
2016-09-07,0.9624702598959377
2016-09-08,-0.2773337131761771
2016-09-09,-1.9662690471670985
2016-09-13,-0.8108694819294407
2016-09-14,-0.2748358638952175
2016-09-15,2.2103613450623834
2016-09-16,0.16287303874223538
2016-09-19,0.5676365622263073
2016-09-20,0.6054619195762994
2016-09-21,0.0919719746156586
2016-09-22,1.3861562359328135
2016-09-23,-0.16161988863799226
2016-09-26,0.02330640511314382
2016-09-27,1.8746030637008155
2016-09-28,-2.521656864558602
2016-09-29,1.351373736595293
2016-09-30,-0.7842807224602085
2016-10-03,1.0055692862930516
2016-10-04,-0.27468860655677807
2016-10-05,-0.8477527975188259
2016-10-06,0.06526487800119969
2016-10-07,-1.2622824233264462
2016-10-10,-0.5614152536131907
2016-10-11,0.3384991994183246
2016-10-12,0.17220855671351798
2016-10-13,-0.24040187733860627
2016-10-14,2.3283378542130273
2016-10-17,0.07851629581547755
2016-10-18,0.5230700603522062
2016-10-19,-0.3661993346466017
2016-10-20,-0.761997509674508
2016-10-21,0.15747198220541392
2016-10-24,-0.4073237777812699
2016-10-25,-0.5856205558473144
2016-10-26,-0.5060242487310793
2016-10-27,1.1410823740867533
2016-10-28,0.3075001900493753
2016-10-31,0.1311082781520184
2016-11-01,-0.23873889928385492
2016-11-02,0.74577722462986
2016-11-03,-1.3403511012394762
2016-11-04,0.21409028568280233
2016-11-07,0.7341559854624773
2016-11-08,1.9156250583700356
2016-11-09,-1.8069244633841273
2016-11-10,0.31924729720995176
2016-11-11,-4.907109933281509
2016-11-14,-4.795923347743201
2016-11-15,0.8209563968014826
2016-11-16,2.6623214489037363
2016-11-17,0.28669001811431094
2016-11-18,0.019820339339492243
2016-11-21,-0.8388995112639656
2016-11-22,0.5961334502607021
2016-11-23,0.10975717480320964
2016-11-24,-3.467587503608932
2016-11-25,-1.0176986203174867
2016-11-28,-1.748090691395342
2016-11-29,0.7496066462238566
2016-11-30,1.5317904698062677
2016-12-01,1.0821218047516996
2016-12-02,1.7745918574352337
2016-12-05,-0.7332340442858666
2016-12-06,0.6507627642588125
2016-12-07,0.3923348222017465
2016-12-08,1.1015348434277645
2016-12-09,0.0034675242300482947
2016-12-13,0.25969908025270705
2016-12-14,-0.37908522670905387
2016-12-15,-0.4653518108951678
2016-12-16,-0.4658390086086744
2016-12-19,-0.01158522118011814
2016-12-20,-0.03823789825677376
2016-12-21,-1.0559892327387725
2016-12-22,-0.6660943036640558
2016-12-23,-0.15246030132481145
2016-12-27,1.2559639519341805
2016-12-28,2.011189218653423
2016-12-29,3.4288297005073844
2016-12-30,0.3956093857057546
2017-01-02,0.0
2017-01-03,0.4209965780320741
2017-01-04,0.8182391057561341
2017-01-05,-0.6224598031057095
2017-01-06,0.2084549347136496
2017-01-09,-1.8112616260115473
2017-01-10,0.617462736823486
2017-01-11,-0.29033696714823204
2017-01-12,0.04510993640285051
2017-01-13,-0.49431882723867515
2017-01-16,-0.8884196507438006
2017-01-17,0.06995055329304196
2017-01-18,0.722487074116164
2017-01-19,0.3021832287729209
2017-01-20,-0.9835326001832138
2017-01-23,-0.5158946207057505
2017-01-24,0.1463899836190131
2017-01-25,-0.576464556524819
2017-01-26,0.6091205215628438
2017-01-27,0.3747328709441195
2017-01-30,0.33056115375096673
2017-01-31,-0.7762904652817751
2017-02-01,1.133399003381092
2017-02-02,0.19948366883801946
2017-02-03,0.3499183856465584
2017-02-06,1.2976959390141232
2017-02-07,0.05732887987751679
2017-02-08,-0.7775982152479669
2017-02-09,0.8572850718061784
2017-02-10,-1.4404161094843542
2017-02-13,1.4308937535435702
2017-02-14,-0.33425791928284415
2017-02-15,0.0
2017-02-16,-0.6630126886679618
2017-02-17,-1.2718500165727729
2017-02-20,0.6848390961878077
2017-02-21,0.158932152302569
2017-02-22,0.7243786290220955
2017-02-23,-0.6544280757290575
2017-02-24,-0.08000726916528388
2017-02-27,0.014605579868330332
2017-02-28,0.47294885774575574
2017-03-01,0.25486302288840096
2017-03-02,-0.35361158259611564
2017-03-03,0.019698221093889117
2017-03-06,0.132944531033763
2017-03-07,0.15895097523199045
2017-03-08,0.1076982446142594
2017-03-09,0.622277697938493
2017-03-10,0.07317952699409626
2017-03-13,-0.16038315277013934
2017-03-14,0.2708182809719713
2017-03-15,0.2951202168530041
2017-03-16,1.8510167572731167
2017-03-17,1.5415455758558358
2017-03-20,0.6875747668400612
2017-03-21,0.43160747793167603
2017-03-22,1.3525026383448748
2017-03-23,1.8826133415365287
2017-03-24,-0.10055377415563982
2017-03-27,-1.5293714115177917
2017-03-29,0.6439593164133118
2017-03-30,0.5718865911156976
2017-03-31,-0.6980338292772282
2017-04-03,0.32067755111162377
2017-04-04,0.35008134680016995
2017-04-05,0.0
2017-04-06,3.3686721975277916
2017-04-07,-0.8788548415351469
2017-04-10,-0.28491179259604377
2017-04-11,-1.1616373144283223
2017-04-12,-0.08685006509635936
2017-04-13,-0.9104742734940916
2017-04-17,-1.3772976600252662
2017-04-18,1.5424095945207519
2017-04-19,0.0
2017-04-20,-0.19108692444220146
2017-04-21,0.37826011039686397
2017-04-25,0.8042153621815612
2017-04-26,2.1674073306692243
2017-04-27,-1.7465155544577187
2017-04-28,0.0966873297957318
2017-05-02,0.5945609195284576
2017-05-03,-0.18629193828131263
2017-05-04,2.2808891930623463
2017-05-05,0.6807677366522493
2017-05-08,0.9509946609776806
2017-05-09,-0.2831148466930346
2017-05-10,-0.12939691042204624
2017-05-12,0.18886819655118248
2017-05-15,1.4524589768128306
2017-05-16,-2.652036613280392
2017-05-17,-0.6261208332163978
2017-05-18,1.2874993497050127
2017-05-19,3.8734123625729437
2017-05-22,-1.166063714478985
2017-05-23,-0.9893665972024865
2017-05-24,-0.7777142412164587
2017-05-26,-0.31248711756955005
2017-05-29,0.8627827191933214
2017-05-30,-0.12798481205546353
2017-05-31,0.24221950859458205
2017-06-01,0.0
2017-06-02,1.3958697871239691
2017-06-05,1.1443056002843262
2017-06-06,-1.5798474124353374
2017-06-07,0.7668250761878773
2017-06-08,-0.5888810980539317
2017-06-09,-1.3242604742099424
2017-06-12,0.6687580789898182
2017-06-13,-0.04162941297407136
2017-06-14,1.711936701770763
2017-06-15,-0.25636383083204156
2017-06-16,-0.5316338584312498
2017-06-19,0.5159985613923563
2017-06-20,0.8490081811512836
2017-06-21,1.3618594563377229
2017-06-22,-0.06982968514657482
2017-06-23,0.0
2017-06-26,0.0
2017-06-27,0.0
2017-06-28,0.0
2017-06-29,0.0
2017-06-30,0.0
2017-07-03,3.083964194278799
2017-07-04,-0.3429456235394495
2017-07-05,-1.0148373006156983
2017-07-06,-0.5584287048747442
2017-07-07,0.3110763769539881
2017-07-10,-1.4695551049473485
2017-07-11,-0.5012294742660296
2017-07-12,1.2703156387912309
2017-07-13,0.7418200991645388
2017-07-14,-0.034079546329140564
2017-07-17,0.32720513351405883
2017-07-18,-0.254992546527741
2017-07-19,-0.6641248707550654
2017-07-20,0.3897810868252551
2017-07-21,-1.6524383266602765
2017-07-24,1.203901896342798
2017-07-25,0.470520047512241
2017-07-26,0.3006299355498023
2017-07-27,-0.06291084206507346
2017-07-28,-0.4566278933922481
2017-07-31,1.1269007612988566
2017-08-01,-0.16113338210208003
2017-08-02,0.023731900421710177
2017-08-03,-0.9121748716174677
2017-08-04,-0.27187143080521653
2017-08-07,0.2876934101582025
2017-08-08,1.4027197562872804
2017-08-09,0.060791040769007015
2017-08-10,-0.5071696158244813
2017-08-11,-0.580834958623165
2017-08-14,0.42588619924398685
2017-08-15,-0.0633786307519814
2017-08-16,0.9018568068500609
2017-08-17,0.0
2017-08-18,-1.1415714811310587
2017-08-21,0.7051634550772552
2017-08-22,0.18053720260459913
2017-08-23,0.677694396387576
2017-08-24,-0.7026230594401901
2017-08-25,0.36342947560995786
2017-08-28,-0.08120340630247298
2017-08-29,-0.8684444951059583
2017-08-30,0.2655117198852138
2017-08-31,-0.15243938054749467
2017-09-01,0.0
2017-09-04,-0.815225295442105
2017-09-05,0.5627565746486495
2017-09-06,-0.8311119891472116
2017-09-07,0.6155612215519881
2017-09-08,0.45737086006204325
2017-09-11,-0.21185545755351742
2017-09-12,0.16395332604416715
2017-09-13,-0.1386115723296906
2017-09-14,-0.20782341812281854
2017-09-15,0.04067234015369984
2017-09-18,0.2586160435357288
2017-09-19,0.35722536587363757
2017-09-20,-0.04371835840617613
2017-09-21,0.0
2017-09-22,2.8249005788318264
2017-09-25,-0.46363159606307486
2017-09-26,-0.43624660153393197
2017-09-27,-0.22667143182222194
2017-09-28,-1.2245583033757372
2017-09-29,2.8201471699196037
2017-10-02,-0.1377179182377237
2017-10-03,0.20450058532041845
2017-10-04,-0.3995992337833771
2017-10-05,-0.22474146711733334
2017-10-06,0.3950566476784554
2017-10-09,-0.16339891542839977
2017-10-10,0.3246764418623829
2017-10-11,0.124144785878485
2017-10-12,1.3976838618781262
2017-10-13,-0.5002757781407746
2017-10-16,0.8104736102927256
2017-10-17,0.22244121041765033
2017-10-18,-0.25499915744356255
2017-10-19,-0.05312298809320041
2017-10-20,0.900788149738065
2017-10-23,0.33628301089689644
2017-10-24,-1.5675599756439123
2017-10-25,1.8324067297713043
2017-10-26,-0.2661306982151101
2017-10-27,-1.1821393200324357
2017-10-30,0.6918126208908153
2017-10-31,0.7553309862350862
2017-11-01,1.1195870277425057
2017-11-02,1.5718826347566661
2017-11-03,-0.7163117381894034
2017-11-06,0.3620131799173269
2017-11-07,-0.48805245704996536
2017-11-08,0.3453288729910095
2017-11-09,-0.4678403764683925
2017-11-10,-0.46072573336911843
2017-11-13,-0.48755596595526046
2017-11-14,-1.4093997872962982
2017-11-15,0.6863233635923199
2017-11-16,1.3270185750344596
2017-11-17,2.0974550760321633
2017-11-20,0.7178082728836149
2017-11-21,-0.5585139408702436
2017-11-22,1.1637338469477958
2017-11-23,-0.3338282387225824
2017-11-24,-0.09934921534787905
2017-11-27,-0.1405001442043962
2017-11-28,0.7984409342143013
2017-11-29,-0.9816266196993748
2017-11-30,-2.2463949732750312
2017-12-01,0.0
2017-12-04,1.875262670516716
2017-12-05,0.9319175377380908
2017-12-06,1.549746555518678
2017-12-07,-1.8543976294634354
2017-12-08,0.7008758359909084
2017-12-11,0.6063112643555808
2017-12-12,0.260734444314449
2017-12-13,-0.40207525963984975
2017-12-14,0.37408778380811086
2017-12-15,-0.904998124527261
2017-12-18,0.33500949021395093
2017-12-19,0.3767573097429378
2017-12-20,-0.779147804403897
2017-12-21,1.2470584188950886
2017-12-22,1.2314554962801365
2017-12-25,0.0
2017-12-26,0.0
2017-12-27,2.27714529750923
2017-12-28,1.1476049711777783
2017-12-29,0.2626547709585177
2018-01-01,0.0
2018-01-02,-0.7226317768670558
2018-01-03,-0.8272714119937921
2018-01-04,0.4691438620327088
2018-01-05,0.4109639444022861
2018-01-08,0.5727696962616943
2018-01-09,-0.03155756709804036
2018-01-10,-0.4867679875149355
2018-01-11,1.1937716888120802
2018-01-12,-0.3032401159909261
2018-01-15,0.5772667965661381
2018-01-16,0.8450253284308866
2018-01-17,-0.9967170670444
2018-01-18,0.6442762217944037
2018-01-19,-0.3908419787005906
2018-01-22,0.3122010198027847
2018-01-23,3.047627413622644
2018-01-24,-0.5803804777051967
2018-01-25,-0.9328337100988309
2018-01-26,1.087875539415047
2018-01-29,-0.3909926932021153
2018-01-30,-1.22287259274825
2018-01-31,0.12200322561749055
2018-02-01,1.1439331551333531
2018-02-02,0.8969437358143816
2018-02-05,0.11042064923685128
2018-02-06,-1.693904091754134
2018-02-07,0.5580298319449086
2018-02-08,0.6666798475673902
2018-02-09,-0.06274221965930545
2018-02-12,0.5912934318498508
2018-02-13,1.4207883958485812
2018-02-14,-0.21206340867708243
2018-02-15,-0.5266448199770949
2018-02-16,0.0
2018-02-19,1.986859583492554
2018-02-20,1.3552337789357507
2018-02-21,-0.9337730248974561
2018-02-22,-1.1076491130198483
2018-02-23,0.36984960321264654
2018-02-26,-2.443646493346605
2018-02-27,0.7999903679564229
2018-02-28,-0.9450169444275852
2018-03-01,0.38792128745575577
2018-03-02,-0.03866758652600355
2018-03-05,-1.1744443023670246
2018-03-06,-1.2184783160580557
2018-03-07,-1.410277216061716
2018-03-08,2.7319020877556466
2018-03-09,-0.7149510416873418
2018-03-12,2.0014515377637307
2018-03-13,-0.8539120979636837
2018-03-14,-0.05813750820808394
2018-03-15,-1.8511185682070508
2018-03-16,0.014657429549241282
2018-03-19,0.7154691720786296
2018-03-20,0.4444393924633894
2018-03-21,1.1700408127820376
2018-03-22,-1.9642355279046602
2018-03-23,0.05959937858900214
2018-03-26,-0.6401683518360962
2018-03-27,-0.06135331979394084
2018-03-28,-1.488300423420309
2018-03-29,0.7535272831010706
2018-03-30,0.0
2018-04-02,1.791275673249853
2018-04-03,-0.10666423129076291
2018-04-04,-2.0430113955959346
2018-04-05,-0.3325596857399799
2018-04-06,-0.8160226582719071
2018-04-09,0.6589737668862592
2018-04-10,2.523150801295124
2018-04-11,1.4138505609603484
2018-04-12,-0.9072028418171153
2018-04-13,-0.4824720306773269
2018-04-16,0.0
2018-04-17,0.0
2018-04-18,1.2298485448334577
2018-04-19,0.0
2018-04-20,0.0
2018-04-23,-0.908120809842178
2018-04-24,-2.1235578489635314
2018-04-25,0.0
2018-04-26,0.0
2018-04-27,0.0
2018-04-30,-6.600759488730347
2018-05-01,0.0
2018-05-02,1.6377124959466112
2018-05-03,-3.382080797582453
2018-05-04,-2.821549998216383
2018-05-07,1.5019901527208157
2018-05-08,-0.19575434957924728
2018-05-09,4.574415639175167
2018-05-10,0.0
2018-05-11,-0.6264192124835049
2018-05-14,0.6430165169066376
2018-05-15,-4.0830091188637905
2018-05-16,0.2617321268193193
2018-05-17,-2.181568893726879
2018-05-18,-0.5259594712119545
2018-05-21,-2.801306893592623
2018-05-22,-0.7096659755203821
2018-05-23,3.158555512407849
2018-05-24,3.784790183573167
2018-05-25,0.7954201762393334
2018-05-28,3.5407839468205946
2018-05-29,0.0
2018-05-30,-1.9370827791389031
2018-05-31,-1.5755653762618982
2018-06-01,0.0
2018-06-04,2.36782157806459
2018-06-05,-0.6189459805130906
2018-06-06,0.7495807046597956
2018-06-07,1.4005504753552935
2018-06-08,-4.399541177980864
2018-06-11,0.0
2018-06-12,0.0
2018-06-13,0.0
2018-06-14,0.0
2018-06-15,0.0
2018-06-18,0.0
2018-06-19,0.0
2018-06-20,-4.331878944706445
2018-06-21,-1.1149761224226378
2018-06-22,1.9919256282887392
2018-06-25,-0.6067375764339275
2018-06-26,-2.454889047311161
2018-06-27,0.07052586669718258
2018-06-28,-2.212788134437229
2018-06-29,3.646675466429345
2018-07-02,-1.5419187892194686
2018-07-03,-2.6202275465659546
2018-07-04,3.572468389597043
2018-07-05,-0.6092601777008396
2018-07-06,-2.4558616062046643
2018-07-09,4.110846015164129
2018-07-10,0.569498159902227
2018-07-11,-0.5424322261910127
2018-07-12,1.0354401602019918
2018-07-13,1.0571231334277222
2018-07-16,-0.10903002518713217
2018-07-17,-2.8884603954447523
2018-07-18,0.849392458087887
2018-07-19,0.3341129941027816
2018-07-20,0.7472757312142407
2018-07-23,1.284719331007661
2018-07-24,0.563067708103503
2018-07-25,-0.4078545520675932
2018-07-26,0.581321764961456
2018-07-27,0.5275463051674912
2018-07-30,0.7155460456582657
2018-07-31,-0.48224997368066647
2018-08-01,3.273110410779331
2018-08-02,0.8228679004544232
2018-08-03,1.5123540112274119
2018-08-06,1.7449360440098254
2018-08-07,-1.0515007450430174
2018-08-08,0.5487403862357251
2018-08-09,0.01462054063695332
2018-08-10,0.6244836077672269
2018-08-13,-5.315847540776264
2018-08-14,-0.8340422945597862
2018-08-15,1.13995227834358
2018-08-16,-2.304934423667896
2018-08-17,0.0
2018-08-20,2.255849301596794
2018-08-21,-0.47499174244835246
2018-08-22,0.0
2018-08-23,2.9475508180426147
2018-08-24,0.3044098987527224
2018-08-27,1.6714135496013964
2018-08-28,-0.10951711763612153
2018-08-29,-0.6372147841359613
2018-08-30,-1.3833405545211586
2018-08-31,-0.2298287925466337
2018-09-03,-1.11906432780332
2018-09-04,-1.2983645136785984
2018-09-05,-4.305234881624691
2018-09-06,2.4630485465605303
2018-09-07,1.3604416843199456
2018-09-10,-1.0536109719741196
2018-09-11,0.0
2018-09-12,-2.87489008157524
2018-09-13,2.1841574179638075
2018-09-14,1.6096976294547851
2018-09-17,-2.6888437152070437
2018-09-18,-0.6239550704977126
2018-09-19,0.8038847374404868
2018-09-20,2.3181534491820828
2018-09-21,0.8349374457527804
2018-09-24,-1.3716749602334781
2018-09-25,-0.40232343969092793
2018-09-26,-0.188045585328521
2018-09-27,0.72953906227069
2018-09-28,1.5645672973769722
2018-10-01,-0.08538900619268204
2018-10-02,-2.0095249019358197
2018-10-03,0.11524038623795103
2018-10-04,-2.989867432146653
2018-10-05,-0.7423236603242236
2018-10-08,0.060642759880293516
2018-10-09,1.7770773028182616
2018-10-10,0.008717981158057034
2018-10-11,-3.112116413662072
2018-10-12,1.8738706109182945
2018-10-15,1.279065240053886
2018-10-16,0.9948591993450289
2018-10-17,1.0473556858228255
2018-10-18,-0.7608917544705099
2018-10-19,-1.3405389984790217
2018-10-22,0.007093931038193742
2018-10-23,-0.7481792689966197
2018-10-24,-1.7432091888900156
2018-10-25,1.7074241469716906
2018-10-26,0.7634128363478174
2018-10-29,-1.3860915407190977
2018-10-30,2.0728829957804873
2018-10-31,3.1270054282487845
2018-11-01,2.512311695949367
2018-11-02,2.0122144194921714
2018-11-05,-0.08482767407004323
2018-11-06,0.8016875418998178
2018-11-07,-0.014366479983894065
2018-11-08,1.3168722070375891
2018-11-09,-2.325309933016708
2018-11-12,-2.1973584584512564
2018-11-13,2.0531997196354066
2018-11-14,-0.1513940706088324
2018-11-15,2.0268796177132855
2018-11-16,1.8818491374986577
2018-11-19,0.7642013264677815
2018-11-20,0.0
2018-11-21,-2.1681781377136002
2018-11-22,1.7753701332653218
2018-11-23,-0.7778056480403271
2018-11-26,1.0761095204171227
2018-11-27,1.2589561100206654
2018-11-28,0.1698749684450689
2018-11-29,2.619139670253088
2018-11-30,-2.1174988542203956
2018-12-03,1.31485750949249
2018-12-04,0.9115853408442552
2018-12-05,-0.9355838804393123
2018-12-06,-0.2523087374968169
2018-12-07,-0.6103899062622151
2018-12-10,-0.4915048027642482
2018-12-11,0.07530852278671087
2018-12-12,0.1439527209762612
2018-12-13,1.536495959171231
2018-12-14,-0.5455653765713954
2018-12-17,-1.5117377871907436
2018-12-18,-0.6010700393625049
2018-12-19,1.7722828150934855
2018-12-20,-1.489224472603184
2018-12-21,-0.2628321815257665
2018-12-24,0.0
2018-12-25,0.0
2018-12-26,0.16807141585444493
2018-12-27,0.5889261795099321
2018-12-28,0.48712689920084634
2018-12-31,0.0
2019-01-01,0.0
2019-01-02,-0.42983897233324536
2019-01-03,-0.9813453532574178
2019-01-04,1.780498699526112
2019-01-07,0.14314167918885987
2019-01-08,-0.18855518438058202
2019-01-09,1.4607506476729857
2019-01-10,0.8133044611555907
2019-01-11,-0.2099817364614566
2019-01-14,0.21293380491287048
2019-01-15,0.7244726321617976
2019-01-16,0.15805308232422413
2019-01-17,0.8651035537739084
2019-01-18,0.6762588313823619
2019-01-21,0.23533909693018473
2019-01-22,-0.14956187157123305
2019-01-23,-1.8049136884732222
2019-01-24,-0.06695016764108326
2019-01-25,-0.2936945739136738
2019-01-28,-0.9467445428732103
2019-01-29,-0.7644853300633806
2019-01-30,0.9968035441615845
2019-01-31,2.471633935089579
2019-02-01,1.2650854049307014
2019-02-04,-2.093728414080983
2019-02-05,0.0
2019-02-06,0.9440783416062549
2019-02-07,0.3875827996538843
2019-02-08,-0.2911525307185269
2019-02-11,-0.1038223677107047
2019-02-12,-1.2716907438405851
2019-02-13,-1.5637141048730687
2019-02-14,-0.5056996826872205
2019-02-15,-0.38834682164677653
2019-02-18,1.8126529814865828
2019-02-19,-0.3571508830201438
2019-02-20,0.09816216162718143
2019-02-21,1.2411779400017078
2019-02-22,-1.2162623533981594
2019-02-25,1.2058119231955324
2019-02-26,0.33831146975506715
2019-02-27,-0.8830168912003368
2019-02-28,-0.8225968795266793
2019-03-01,0.5565748173767869
2019-03-04,-0.2943515441672906
2019-03-05,-1.1257870094098743
2019-03-06,0.9074822361112981
2019-03-07,0.0
2019-03-08,-1.5699469307838962
2019-03-11,0.23996200156659928
2019-03-12,-0.8173375115311529
2019-03-13,-0.561031237818562
2019-03-14,1.2959170123054515
2019-03-15,2.2568601445268883
2019-03-18,0.47940319671388726
2019-03-19,0.7372964826921552
2019-03-20,0.07479627861375171
2019-03-21,0.36658614124851624
2019-03-22,0.4466829146917754
2019-03-25,-1.7673722184322245
2019-03-26,1.0803116864543034
2019-03-27,-0.3351644724542227
2019-03-28,0.7578800774646056
2019-03-29,1.0178176289473253
2019-04-01,0.3735771800720952
2019-04-02,-0.33500643456583495
2019-04-03,0.0
2019-04-04,1.9029631811853884
2019-04-05,-0.21496522914754154
2019-04-08,-0.6807265083501072
2019-04-09,1.4915839620075875
2019-04-10,-0.5302012850106733
2019-04-11,-1.0189484909024322
2019-04-12,-0.140705229357205
2019-04-15,0.4517893049991615
2019-04-16,1.08708583763362
2019-04-17,0.0
2019-04-18,2.4449359636299377
2019-04-19,0.0
2019-04-22,-0.3641700761576898
2019-04-23,-0.36969925287125305
2019-04-24,0.07682562740615395
2019-04-25,-0.8511890278274886
2019-04-26,0.4738131735873741
2019-04-29,0.6752613924162016
2019-04-30,0.3935296196624751
2019-05-01,0.0
2019-05-02,-0.4870073500497168
2019-05-03,-0.19964872554866286
2019-05-06,-2.0353465659891996
2019-05-07,0.9427980203636955
2019-05-08,-0.5505447002961666
2019-05-09,-1.3222226917518891
2019-05-10,-0.22991377220687723
2019-05-13,0.06001247331661017
2019-05-14,-1.4333023293439666
2019-05-15,-1.668630165944396
2019-05-16,-1.713904263780674
2019-05-17,-2.518497611096607
2019-05-20,1.6084366361772335
2019-05-21,0.6071545608078049
2019-05-22,0.406398234310313
2019-05-23,2.8062472429454046
2019-05-24,1.7397614281354536
2019-05-27,2.2122724519128956
2019-05-28,-2.2023988034554334
2019-05-29,1.9291662722845346
2019-05-30,0.0
2019-05-31,2.335599974493261
2019-06-03,0.0
2019-06-04,0.0
2019-06-05,0.0
2019-06-06,0.0
2019-06-07,0.0
2019-06-10,2.1338944216078275
2019-06-11,0.2756213984210741
2019-06-12,-0.5266215021470629
2019-06-13,-0.5204824937957958
2019-06-14,0.20852473638859734
2019-06-17,-0.3726672511919058
2019-06-18,1.2843774923668747
2019-06-19,0.9857533204614842
2019-06-20,-0.11839591486559371
2019-06-21,0.31949758877587264
2019-06-24,-0.4128342073095224
2019-06-25,0.24765756508183764
2019-06-26,-0.024630579165134225
2019-06-27,0.7570357859179057
2019-06-28,0.286735348506012
2019-07-01,0.32376826557037325
2019-07-02,0.08411156182549305
2019-07-03,-0.07567574012604067
2019-07-04,-0.13144778400127546
2019-07-05,-0.876898551871388
2019-07-08,-0.2940232168515439
2019-07-09,0.8547463598017876
2019-07-10,0.6607627558387711
2019-07-11,0.6445381085227694
2019-07-12,0.2279483294539633
2019-07-15,0.9784494363304601
2019-07-16,-0.27070851066506146
2019-07-17,-0.2817010444656243
2019-07-18,-1.0739711591976278
2019-07-19,0.6269714945939938
2019-07-22,0.20287594827544467
2019-07-23,-0.6900056537983511
2019-07-24,-0.2181841198469717
2019-07-25,0.5049244397943724
2019-07-26,-0.658803640284617
2019-07-29,0.3372544623741083
2019-07-30,1.0937231998745476
2019-07-31,-0.20497533587491282
2019-08-01,-0.9630497807240537
2019-08-02,-0.6739235754762806
2019-08-05,-3.3844891994873714
2019-08-06,-2.822694373907632
2019-08-07,2.3832874181917982
2019-08-08,0.9579478425130358
2019-08-09,0.4177927443987987
2019-08-12,-0.5938965565546503
2019-08-13,-0.5196441232549047
2019-08-14,1.0328404584560482
2019-08-15,-1.1245509684897999
2019-08-16,-0.6509816555226793
2019-08-19,-0.04537086318383834
2019-08-20,-0.6976245606349113
2019-08-21,-1.149698184249844
2019-08-22,0.30338065915751194
2019-08-23,-0.17747067314155984
2019-08-26,-0.6954495672181432
2019-08-27,1.0130075523746391
2019-08-28,-0.016604025159029385
2019-08-29,0.2530092659259508
2019-08-30,1.8886543231049775
2019-09-02,-1.2902268468433948
2019-09-03,-1.5561052482534397
2019-09-04,0.007544660739906783
2019-09-05,0.8276984899755346
2019-09-06,0.6662502693256138
2019-09-09,-1.091158369636496
2019-09-10,0.6262898279534003
2019-09-11,1.1902376083429693
2019-09-12,-0.20558136817039696
2019-09-13,0.5204409979982033
2019-09-16,-2.0187436075527536
2019-09-17,0.4931565385152888
2019-09-18,1.0350001846719263
2019-09-19,-0.6790455946108193
2019-09-20,-0.8167610541879083
2019-09-23,-0.0011739566546564717
2019-09-24,-1.2474559395376705
2019-09-25,-0.5409800830289216
2019-09-26,2.6927164779533475
2019-09-27,-0.7754976424409469
2019-09-30,-0.4819289927227796
2019-10-01,-0.9325305019835751
2019-10-02,-2.9743222049639404
2019-10-03,-1.733586225999704
2019-10-04,1.2304618295338348
2019-10-07,-0.5485005661129015
2019-10-08,1.1980144305309368
2019-10-09,-0.2977075360388999
2019-10-10,0.1392506025020943
2019-10-11,0.465287624444547
2019-10-14,0.6591755292562719
2019-10-15,-0.09154579759867927
2019-10-16,0.8880917261359107
2019-10-17,0.3320700556652452
2019-10-18,1.5887687064096596
2019-10-21,0.04378652577450515
2019-10-22,0.709729387237712
2019-10-23,1.3871462173929299
2019-10-24,1.7753255698403578
2019-10-25,-2.1350146794432256
2019-10-28,0.026872939237690407
2019-10-29,0.5533028866389943
2019-10-30,0.04353532391134318
2019-10-31,-0.1824569819123151
2019-11-01,-0.291513574253053
2019-11-04,-0.9057775360311012
2019-11-05,3.091472309961523
2019-11-06,-2.5040518560248484
2019-11-07,-1.2410792669633366
2019-11-08,0.3628498206528988
2019-11-11,-0.07261378735344605
2019-11-12,-0.27764393673651366
2019-11-13,-0.9747555707852739
2019-11-14,-0.22189794137169808
2019-11-15,1.633711946249531
2019-11-18,0.38985483576573604
2019-11-19,1.5728418288812769
2019-11-20,0.18812602542916193
2019-11-21,0.08675580002060206
2019-11-22,-0.5204801695801805
2019-11-25,-1.272998083913799
2019-11-26,-0.02569353531599002
2019-11-27,0.11916105869144715
2019-11-28,-1.848308772679202
2019-11-29,1.4569822770778635
2019-12-02,2.3168887771304685
2019-12-03,-0.2283670587099247
2019-12-04,-0.8414713679879773
2019-12-05,1.055265184749772
2019-12-06,-0.004062022297332509
2019-12-09,0.426460380108807
2019-12-10,0.33323334816249167
2019-12-11,0.28349593742433155
2019-12-12,-0.1219609243943065
2019-12-13,0.6801752372718708
2019-12-16,0.2739591515102713
2019-12-17,0.879400343648589
2019-12-18,2.4480013887378083
2019-12-19,-0.8241533375174593
2019-12-20,0.813940556990997
2019-12-23,0.7891237708650856
2019-12-26,0.12102967352778567
2019-12-27,0.011235856756922366
2019-12-30,-0.6004852732179901
2020-01-02,0.42475300589922593
2020-01-03,0.5114178338700806
2020-01-06,-1.243170583439948
2020-01-07,0.25278842240574495
2020-01-08,-0.891425541964337
2020-01-09,1.3271602198244494
2020-01-10,0.10945577671965794
2020-01-13,0.8464021583480507
2020-01-14,1.1603248629914371
2020-01-15,-0.5303081359767704
2020-01-16,-0.4383807501807034
2020-01-17,1.3200260006723032
2020-01-20,-0.41353157668741
2020-01-21,0.37331971959667903
2020-01-22,0.7631734202503795
2020-01-23,0.10464018340727992
2020-01-24,0.4904483133096202
2020-01-27,-1.3445058513533785
2020-01-28,-0.3525974881898695
2020-01-29,0.18980086876838734
2020-01-30,-1.1589423982991878
2020-01-31,-2.634927216676308
2020-02-03,-0.42787882193970694
2020-02-04,1.6681022864503934
2020-02-05,1.41649594698661
2020-02-06,-0.023692345587975356
2020-02-07,0.2068213031953444
2020-02-10,-0.2452879466831613
2020-02-11,0.2644731196896987
2020-02-12,0.35268862640895193
2020-02-13,0.4569785557766474
2020-02-14,-0.7969532395154139
2020-02-17,-0.2859661076281375
2020-02-18,-0.7566917427375007
2020-02-19,1.12889617058439
2020-02-20,0.2973297379088448
2020-02-21,-0.6858823625688216
2020-02-24,-1.136417572802032
2020-02-25,0.20669402743072665
2020-02-26,-1.3620313866876816
2020-02-27,-3.4513311639680295
2020-02-28,1.7811541007408511
2020-03-02,-4.369259702445021
2020-03-03,3.458641141211848
2020-03-04,2.8380131466012664
2020-03-05,-0.030644855398833142
2020-03-06,-3.9555492200013735
2020-03-09,-7.801428209565434
2020-03-10,3.677020630341359
2020-03-11,-0.6679308163472739
2020-03-12,-6.368975175544567
2020-03-13,0.6091381951670479
2020-03-16,-2.0320265988753428
2020-03-17,-9.755030838535903
2020-03-18,-4.383577576026817
2020-03-19,-7.141916481584978
2020-03-20,-3.16950256279682
2020-03-23,-6.954422087227002
2020-03-24,-4.2646575207077575
2020-03-26,16.432713174452946
2020-03-27,7.889603135189096
2020-03-30,-4.819232204796926
2020-03-31,0.8667697961578629
2020-04-01,-1.7834344101072943
2020-04-02,-0.12098220902313066
2020-04-03,2.6271631755831257
2020-04-06,4.032741236073944
2020-04-07,-0.8423223151621667
2020-04-08,-4.905095162361587
2020-04-09,-1.3002103530470337
2020-04-13,-2.2696755335730807
2020-04-14,2.357073930010342
2020-04-15,-3.0947887788843906
2020-04-16,-4.857263717450381
2020-04-17,5.173628312946426
2020-04-20,-1.103288515057062
2020-04-21,-1.5453542658860673
2020-04-22,1.805834884083889
2020-04-23,0.031055878835950994
2020-04-24,-5.086856859246311
2020-04-27,-0.3801804971578427
2020-04-28,-1.7742468903400888
2020-04-29,-1.2183391333789428
2020-04-30,7.642026906528154
2020-05-04,-2.218511535336115
2020-05-05,-0.13588516181103705
2020-05-06,-0.16570942244753328
2020-05-08,-0.7567481889654889
2020-05-11,0.9373831616214838
2020-05-12,-3.9522637633255946
2020-05-13,-0.9787472120913531
2020-05-14,-3.425644072274448
2020-05-15,-4.168622635142394
2020-05-18,-1.554414181982194
2020-05-19,3.570226070855648
2020-05-20,3.8781343344710693
2020-05-26,2.182221927759759
2020-05-27,1.4718126766642348
2020-05-28,4.817708974007057
2020-05-29,3.2858644639280734
2020-06-02,4.677086816138472
2020-06-03,3.3534725830630276
2020-06-04,-1.2790658238626287
2020-06-05,0.9990566804511666
2020-06-08,5.621965243409999
2020-06-09,-1.3044642951105265
2020-06-10,-4.342485164653896
2020-06-11,-2.89161597596465
2020-06-12,1.9999381538774237
2020-06-15,-3.6558816254938087
2020-06-16,6.170947132967389
2020-06-17,-1.392997071699826
2020-06-18,-1.88687376470884
2020-06-19,0.8946618693741519
2020-06-22,-1.1244459851558644
2020-06-23,-0.2101385703456261
2020-06-24,4.112347790492058
2020-06-25,-1.349659177553808
2020-06-26,-0.9637402013319614
2020-06-29,-0.11591091612926063
2020-06-30,0.07485301578700773
2020-07-01,1.2056530586427607
2020-07-02,0.4666277752326515
2020-07-03,-0.1091090549980428
2020-07-06,0.7538992486155918
2020-07-07,0.033041450241645676
2020-07-08,4.316887308554972
2020-07-09,-1.2269808538188627
2020-07-10,-0.2576050222354295
2020-07-13,0.8765805912148611
2020-07-14,0.5559664036041
2020-07-15,-0.8507998725711149
2020-07-16,0.26853151315389034
2020-07-17,-1.3905396450643261
2020-07-20,-0.919891179147216
2020-07-21,2.681723820923356
2020-07-22,0.13599469307897696
2020-07-23,2.1833307132085142
2020-07-24,-1.6670694021387968
2020-07-27,2.2390336504083046
2020-07-28,0.21313328213182606
2020-07-29,-1.3493901751177015
2020-07-30,1.5700244468042197
2020-08-03,-4.2064653357449275
2020-08-04,1.8722174713042248
2020-08-05,0.7122792234735255
2020-08-06,1.0529962444211312
2020-08-07,-0.2847361927708042
2020-08-10,-0.11152824221789781
2020-08-11,1.9220212100833987
2020-08-12,3.049292885789795
2020-08-13,-0.5337444496006268
2020-08-14,0.5128967942909738
2020-08-18,2.199148390831708
2020-08-19,-0.05306858806512179
2020-08-24,0.11071484958217763
2020-08-25,3.0575118110310933
2020-08-26,-0.13257653848407802
2020-08-27,0.7177725043793246
2020-08-28,-1.0239830447949887
2020-08-31,-4.321735122862118
2020-09-01,3.179335739692107
2020-09-02,-0.2521228549278629
2020-09-03,-0.9549359049450028
2020-09-04,-1.1817448174103564
2020-09-07,-1.3024412999861663
2020-09-08,1.0637150332601568
2020-09-09,-2.670107863035342
2020-09-10,-7.127048725743536
2020-09-11,1.8808821093084376
2020-09-14,4.336103665415227
2020-09-15,-2.584575936272211
2020-09-16,-1.4869945381713052
2020-09-17,-1.0356771665217233
2020-09-18,-0.5243060591806404
2020-09-21,-1.063697340985635
2020-09-22,-2.6505544822739737
2020-09-23,-0.8370159178050679
2020-09-24,-1.7219360311407108
2020-09-25,4.154409256693067
2020-09-28,-2.585997670700704
2020-09-29,-1.0932815951463057
2020-09-30,-1.2827225650014125
2020-10-01,3.77554860993707
2020-10-02,-1.030269166143137
2020-10-05,1.6776261284909966
2020-10-06,2.3062956450021415
2020-10-07,-0.11783927532829301
2020-10-08,-0.14261513488931943
2020-10-09,0.5772286991571757
2020-10-12,1.326645843345904
2020-10-13,1.2224018092292184
2020-10-14,1.6407200003453521
2020-10-15,-2.1816115890105774
2020-10-16,-0.9032802415848854
2020-10-19,1.8459089494095344
2020-10-20,-1.1410705152084966
2020-10-21,-0.9923231786317516
2020-10-22,0.2711929709487683
2020-10-23,0.3320537341926421
2020-10-26,2.08640654336043
2020-10-27,0.05538405479054984
2020-11-02,1.5049529305692817
2020-11-03,0.5376948105895528
2020-11-04,-3.0078906444820905
2020-11-05,5.376123819472386
2020-11-06,1.8810257411833762
2020-11-09,1.6625336664353434
2020-11-10,4.905144666746117
2020-11-11,1.2925220172136758
2020-11-12,-3.0844006232323253
2020-11-13,0.6655822301369277
2020-11-16,-0.1365456393872404
2020-11-17,0.6258861298166364
2020-11-18,1.2974338398357819
2020-11-19,0.0960428709588728
2020-11-20,-0.37310572199890685
2020-11-23,1.0187793095809488
2020-11-24,0.9189709935696571
2020-11-25,0.6573893794657144
2020-11-26,1.1361173232424069
2020-11-27,-1.0218925494794453
2020-11-30,-4.059061772657521
2020-12-01,3.243669672326293
2020-12-02,1.3863815905946144
2020-12-03,0.4398799622790657
2020-12-04,-1.0029835345958678
2020-12-07,1.938913141792123
2020-12-08,-0.27833365448979586
2020-12-10,0.6184356496774569
2020-12-11,0.29151618782685124
2020-12-14,0.1711446432561932
2020-12-15,-0.2711022178108677
2020-12-16,1.4574963229652032
2020-12-17,0.4934609418559143
2020-12-18,-1.9018990638086901
2020-12-21,-0.4029518660840896
2020-12-22,-2.73250915899893
2020-12-23,0.029404649332939514
2020-12-28,1.8911841358464645
2020-12-29,-1.1422307911196343
2020-12-30,-0.5780967119785316
2021-01-04,2.328976553859389
2021-01-05,0.5233092080443221
2021-01-06,-1.2397535260265513
2021-01-07,0.9832020454107172
2021-01-08,1.6340873306419343
2021-01-11,4.777124080019542
2021-01-12,0.13082777026678416
2021-01-13,0.1838645124165219
2021-01-14,-0.9739463922424202
2021-01-15,-2.2788728618421454
2021-01-18,2.048295020574353
2021-01-19,0.12255707932171024
2021-01-20,3.752038719615958
2021-01-21,-1.3526429606189712
2021-01-22,-0.6978493912271535
2021-01-25,0.6682949950955628
2021-01-26,-1.6129988889053486
2021-01-27,-0.703421926017875
2021-01-28,-1.7260785217507217
2021-01-29,-5.244299771596443
2021-02-01,2.6320952589240165
2021-02-02,-1.5409387984084244
2021-02-03,0.40333245430639764
2021-02-04,1.3554119876533315
2021-02-05,0.014699762067407326
2021-02-08,0.07641323663582882
2021-02-09,1.080228018693422
2021-02-10,-0.07202615312531435
2021-02-11,0.021130879841311272
2021-02-15,-0.17687930409177965
2021-02-16,0.26655867909708736
2021-02-17,-1.1292117601751375
2021-02-18,-1.049161343018483
2021-02-19,1.9482910353123992
2021-02-22,-0.17138334226781082
2021-02-23,-0.0910835236498891
2021-02-24,-0.6497249091391605
2021-02-25,-0.6262939531052215
2021-02-26,-0.7871147841460041
2021-03-01,4.69000587501769
2021-03-02,-0.22343219558307922
2021-03-03,0.27408003467538783
2021-03-04,-2.2385873375196295
2021-03-05,0.08055078465476499
2021-03-08,-0.93357683060984
2021-03-09,-1.649582592986176
2021-03-10,1.2496610986975885
2021-03-12,1.069359093820004
2021-03-15,-0.9431006489740037
2021-03-16,0.37080336349721094
2021-03-17,-0.5580237824393225
2021-03-18,2.488001172525355
2021-03-19,-0.4867424246151841
2021-03-22,-1.730628843959731
2021-03-23,0.2592799965176236
2021-03-24,-0.7946761735451909
2021-03-25,-0.8530723347058512
2021-03-26,1.0784102693916064
2021-03-29,-0.5474437795985904
2021-03-30,-1.6705720650983062
2021-03-31,-2.6360598597999005
2021-04-01,-0.5204255347926713
2021-04-05,-0.9495568197261975
2021-04-06,1.1151420010424438
2021-04-07,0.7209966554912981
2021-04-08,0.7501295051706491
2021-04-09,1.3971386217259862
2021-04-12,-2.7375680658675763
2021-04-13,-0.7574166751353966
2021-04-14,3.273487157873649
2021-04-15,0.19218066922020874
2021-04-16,-0.559896879628733
2021-04-19,-0.11996353614841641
2021-04-20,-0.8577603687134173
2021-04-21,-1.4065589289285043
2021-04-22,0.03200492225319499
2021-04-23,1.4558746858255354
2021-04-26,-2.3886533378869377
2021-04-27,1.2869212056704649
2021-04-28,0.049751756518793044
2021-04-29,0.8467340322964008
2021-04-30,-1.1881056161049965
2021-05-03,-1.0906938722220103
2021-05-04,0.7395294814522947
2021-05-05,0.10100242713023444
2021-05-06,0.30005146559339313
2021-05-07,-1.3131808657615751
2021-05-10,0.24376715909938954
2021-05-11,-0.6084985304444
2021-05-17,-0.5168181411988781
2021-05-18,-0.7098772581796614
2021-05-19,-1.789037902598438
2021-05-20,0.12221947116841803
2021-05-21,0.997928011311326
2021-05-24,0.6452656145577608
2021-05-25,1.1807594057996267
2021-05-27,-2.222853294480802
2021-05-28,1.6562690269692197
2021-05-31,2.8344301546091146
2021-06-02,1.0182766075423106
2021-06-03,2.272079082759255
2021-06-04,-0.9278546283755986
2021-06-07,-0.9527680527617634
2021-06-08,-1.59620623888257
2021-06-09,1.4958563324012355
2021-06-10,1.3521850767445402
2021-06-11,-0.5185699714812978
2021-06-14,0.23020457350770496
2021-06-15,-0.35735011292284824
2021-06-16,-2.485728893185449
2021-06-17,-0.5233524208380144
2021-06-18,-1.0339706883420023
2021-06-21,-1.0972332017618476
2021-06-22,2.1317565310873468
2021-06-23,-2.238592602890824
2021-06-24,0.035387175455701136
2021-06-25,-0.528581341577664
2021-06-28,-2.389618159860636
2021-06-29,0.12520453817294916
2021-06-30,0.9434718935108671
2021-07-01,0.4210589352511153
2021-07-02,0.6929681083605582
2021-07-05,-1.2708745244798816
2021-07-06,-0.8171069545632094
2021-07-07,-0.6949055304154782
2021-07-08,1.0159492611293583
2021-07-09,-1.2945563910921132
2021-07-12,0.6116439102637079
2021-07-13,-0.6494036217417843
2021-07-14,-1.3634716233660527
2021-07-15,2.583008602258204
2021-07-16,0.23417700370286987
2021-07-19,-1.8196276427925167
2021-07-21,1.3779844199011262
2021-07-22,2.181464021691188
2021-07-23,-1.3295112572995385
2021-07-26,-1.503302840313026
2021-07-27,-0.11876065480664126
2021-07-28,-0.33237283512802723
2021-07-29,-0.170080725014398
2021-07-30,-1.2144622649036962
2021-08-02,0.06605177805634349
2021-08-03,1.690209900156171
2021-08-04,1.0287083899546203
2021-08-05,3.9176891042312874
2021-08-06,-2.1674788544351866
2021-08-09,-1.4606662283224925
2021-08-10,0.272587115954707
2021-08-12,0.6233788296910849
2021-08-13,1.5171226675159664
2021-08-16,0.4256215507574807
2021-08-18,2.5043102381219544
2021-08-19,-2.7141489825662326
2021-08-20,0.7105002260561104
2021-08-23,0.6239980788081364
2021-08-24,-1.3914549185359484
2021-08-25,0.7077430504635055
2021-08-26,-1.0822074247484164
2021-08-27,-0.6578018944321916
2021-08-30,1.988487481174942
2021-08-31,0.6689615462563555
2021-09-01,-0.8157415692573434
2021-09-02,-0.022365005298962903
2021-09-03,1.2279295695704942
2021-09-06,-0.4063683130445326
2021-09-07,0.7578529660572451
2021-09-08,0.9404353030537081
2021-09-09,1.1952922135739303
2021-09-10,-0.607650138375914
2021-09-13,-0.8044863687917214
2021-09-14,-0.32299554069476333
2021-09-15,-0.48161434043315965
2021-09-16,-0.02122007145485368
2021-09-17,-0.7199185251719563
2021-09-20,0.0074528313442317655
2021-09-21,-0.9483915636893205
2021-09-22,1.2568496764240715
2021-09-23,1.572459187940102
2021-09-24,-0.08876369468952872
2021-09-27,-1.0628619175767142
2021-09-28,-0.2917889756045307
2021-09-29,0.7630127552285946
2021-09-30,3.851860597898515
2021-10-01,-1.0048971351957532
2021-10-04,3.5535279950653944
2021-10-05,-0.6678737796108415
2021-10-06,3.5788121776705304
2021-10-07,0.408277939309549
2021-10-08,1.9023122850253416
2021-10-11,-0.0005509296208994393
2021-10-12,1.0944020555303853
2021-10-13,1.864099119157097
2021-10-14,1.0978677788160096
2021-10-15,-0.004710200201237876
2021-10-18,0.2544946878291646
2021-10-19,-0.07065375795848826
2021-10-21,-0.867794853600825
2021-10-22,0.9787219316777421
2021-10-25,-1.1153595695629697
2021-10-26,0.6184620025746147
2021-10-27,-0.9132098500312728
2021-10-28,-1.3159532950551187
2021-10-29,1.2317089363787
2021-11-01,-0.49336874548200277
2021-11-02,-1.3157538581739343
2021-11-03,1.326155555996512
2021-11-04,0.034028410483382864
2021-11-05,-0.09151875812328725
2021-11-08,0.0031132095529304107
2021-11-09,-0.006221981280421766
2021-11-10,1.198604725123646
2021-11-11,0.45658245349358323
2021-11-12,-1.4757944434244523
2021-11-15,-0.8238313453547715
2021-11-16,0.464769443251104
2021-11-17,1.1148821212154296
2021-11-18,-1.1697042759590122
2021-11-19,1.247110611805045
2021-11-22,0.6803435428187218
2021-11-23,-1.4692826139347048
2021-11-24,0.0
2021-11-25,0.7749702550680769
2021-11-26,-2.311155386369899
2021-11-29,0.9981713406009903
2021-11-30,-2.03666545348292
2021-12-01,0.3880005950390675
2021-12-02,2.4509924749746768
2021-12-03,-1.0314760478461797
2021-12-06,-0.4799431861402441
2021-12-07,1.5350195299798586
2021-12-08,-0.5116268597223145
2021-12-09,0.422454761231311
2021-12-10,-1.0548987949149249
2021-12-13,-0.44851115797828117
2021-12-14,-0.008153922850275682
2021-12-15,1.0216057917454482
2021-12-16,-0.7087225300600274
2021-12-17,0.3099080077194894
2021-12-20,-0.8307216283644164
2021-12-21,0.02629202832519188
2021-12-22,-0.9422569894487242
2021-12-23,0.4130340121421172
2021-12-24,-0.3627904733126124
2021-12-27,-0.09172022850846114
2021-12-28,0.48264812294416704
2021-12-29,-0.0735556927487756
2021-12-30,-0.10978658347121635
2022-01-03,0.7953204634559574
2022-01-04,0.765522391388143
2022-01-05,-0.08152963949493475
2022-01-06,-0.2865804990441211
2022-01-07,1.129318182159923
2022-01-10,-0.2982296034644311
2022-01-11,0.1956398130253448
2022-01-12,0.5497150816424881
2022-01-13,0.12276896644475126
2022-01-14,0.796557125467583
2022-01-17,-0.07303298128927639
2022-01-18,-0.2522007463919744
2022-01-19,-1.5316498864895776
2022-01-20,1.1357518543868743
2022-01-21,1.6389582223609935
2022-01-24,-1.1513844645420745
2022-01-25,-0.743907562135269
2022-01-26,0.9741931468494037
2022-01-27,1.1679202659727044
2022-01-28,0.3315951687368936
2022-01-31,-1.98917714229424
2022-02-02,0.7563815322750025
2022-02-03,0.1657464327399597
2022-02-04,0.6395051380871648
2022-02-07,1.9047605749247418
2022-02-08,0.5305682462572436
2022-02-09,1.2498697389157876
2022-02-10,-0.483382534617522
2022-02-11,0.17155619376415152
2022-02-14,-0.515701749861223
2022-02-15,1.3245643890632504
2022-02-16,0.13364339758773225
2022-02-17,-0.46613122549098324
2022-02-18,0.3318175068979455
2022-02-21,0.5534313567708596
2022-02-22,-0.5527619014225174
2022-02-23,1.001085099938222
2022-02-24,-1.6332330598937184
2022-02-25,1.4009567012071413
2022-03-01,0.36382788957152945
2022-03-02,-0.9289387413099801
2022-03-04,0.5887081626300922
2022-03-07,-2.3815967651712273
2022-03-08,-0.8875718520865533
2022-03-09,2.226874744789019
2022-03-10,0.53482918625631
2022-03-11,0.028462991773725316
2022-03-14,1.8498478305657133
2022-03-15,1.0727165894255715
2022-03-16,1.233805491330469
2022-03-17,-0.8230918973084234
2022-03-18,-1.0298810000683367
2022-03-21,0.4479450256649946
2022-03-22,0.5752133614532212
2022-03-23,0.39795246195150646
2022-03-24,1.3108795358878609
2022-03-25,-0.3532135267271425
2022-03-28,0.5439061234675787
2022-03-29,-0.2837546079096022
2022-03-30,0.03685787796639709
2022-03-31,0.17051141245595094
2022-04-01,0.18170289529366027
2022-04-04,-0.5297271696605858
2022-04-05,0.0
2022-04-06,-2.0010548603135483
2022-04-07,0.3250950834336493
2022-04-08,0.2830561062451123
2022-04-11,-0.9339563105786949
2022-04-12,0.7209629822688454
2022-04-13,0.108048583986644
2022-04-14,-1.1565975821554013
2022-04-18,-0.1445207100164815
2022-04-19,-0.3993729444332028
2022-04-20,3.279969396677606
2022-04-21,2.6898610606655247
2022-04-22,-0.6605642207490129
2022-04-25,0.9485954899664139
2022-04-26,1.7012610781149275
2022-04-27,-0.8093742806450562
2022-04-28,2.646732223510948
2022-05-09,-7.052002969001742
2022-05-10,-1.2438788874533548
2022-05-11,-0.16055835731369641
2022-05-12,-3.486921309806016
2022-05-13,-0.6352214707894276
2022-05-17,2.0853952455861093
2022-05-18,0.9907517263812146
2022-05-19,-0.6296359649752975
2022-05-20,0.11966814951585425
2022-05-23,-1.3988166048163013
2022-05-24,1.0838265025241665
2022-05-25,-1.0362039000727112
2022-05-27,3.361972077912926
2022-05-30,-0.4085795486063361
2022-05-31,3.4309659319475667
2022-06-02,-3.056850701886308
2022-06-03,0.4061314003273681
2022-06-06,-1.5387639271046287
2022-06-07,0.04414644692654298
2022-06-08,1.9270746777851084
2022-06-09,-0.1936355676545086
2022-06-10,-2.352454981568672
2022-06-13,-0.7648888915822035
2022-06-14,0.7882451542916247
2022-06-15,0.7455529472841315
2022-06-16,1.2683768335227708
2022-06-17,-2.002175054460256
2022-06-20,1.4937085751586576
2022-06-21,-0.04275076441825778
2022-06-22,-1.5263767754959587
2022-06-23,0.03368483609537542
2022-06-24,0.6169068503630203
2022-06-27,-1.3287407714775108
2022-06-28,-0.47989675809304044
2022-06-29,-1.7835965756956627
2022-06-30,-0.4598288050078238
2022-07-01,-1.4762231683302207
2022-07-04,-2.6364356135977878
2022-07-05,2.4499889067072345
2022-07-06,-0.40166380406134145
2022-07-07,-1.6179298639498467
2022-07-08,1.6698983431414056
2022-07-11,-0.7578057206379611
2022-07-12,-0.07161805989194697
2022-07-13,-1.9113866771645875
2022-07-14,0.20083767952681342
2022-07-15,-0.2542023460805695
2022-07-18,1.7524193209032095
2022-07-19,0.21233202281512986
2022-07-20,4.602640073326593
2022-07-21,0.07743414302736965
2022-07-22,-0.8620037798648087
2022-07-25,-0.5904625524222379
2022-07-26,1.5725540648525183
2022-07-27,0.45097701497260934
2022-07-28,0.21439564769764033
2022-07-29,0.9188939261494733
2022-08-01,-0.5574913270261024
2022-08-02,1.5715625047588866
2022-08-03,0.262027552762823
2022-08-04,0.6038262632613719
2022-08-05,0.3189806535580009
2022-08-08,0.47797426711422464
2022-08-09,0.9046864131006908
2022-08-10,-0.276508151024323
2022-08-11,0.22626275652394504
2022-08-12,-0.5317509953657078
2022-08-15,-0.1481661456539973
2022-08-16,0.2438126458955676
2022-08-18,0.783448759765314
2022-08-19,-1.0409071400073522
2022-08-22,0.283814181910962
2022-08-23,0.2028093671688451
2022-08-24,0.13270088993429574
2022-08-25,0.1704609232731198
2022-08-26,-0.6038654022145704
2022-08-29,0.6582200441247293
2022-08-30,0.5680304877362293
2022-08-31,1.483898327310203
2022-09-01,0.4592471667946512
2022-09-02,0.47654316319709406
2022-09-05,1.609087349445086
2022-09-06,-0.6874056457804585
2022-09-07,-0.15040283301648558
2022-09-08,1.211101802082289
2022-09-09,0.6343695562393942
2022-09-12,0.001791024583268852
2022-09-13,1.7220265787990279
2022-09-14,-0.6312416011691285
2022-09-15,1.3626159029377287
2022-09-16,-2.871333473928772
2022-09-19,1.749056946557414
2022-09-20,-1.0667316065559556
2022-09-21,0.4194298506545063
2022-09-22,-0.1974592494373765
2022-09-23,-0.9856426513048926
2022-09-26,0.8225477311863173
2022-09-27,-0.21334460190188156
2022-09-28,-0.1521399112151561
2022-09-29,-0.27639414820785874
2022-09-30,1.388406615039112
2022-10-03,-0.4346431043134618
2022-10-04,0.8150812338540826
2022-10-05,-0.9382340477589725
2022-10-06,-0.14055193205412206
2022-10-07,-1.0681763295488242
2022-10-10,-0.5707102824544655
2022-10-11,0.25313954861521104
2022-10-12,0.5202048418180452
2022-10-13,-0.4053928001819756
2022-10-14,-0.9844955109408309
2022-10-17,0.41020804156556717
2022-10-18,0.29970785422115975
2022-10-19,-0.11078334171074482
2022-10-20,3.0473229317293735
2022-10-21,2.3671752858703754
2022-10-24,1.1486919189590814
2022-10-25,-0.17892426487641636
2022-10-26,-1.099922006136539
2022-10-27,1.09086191011038
2022-10-28,0.40771651955840005
2022-10-31,1.458217696884735
2022-11-01,-0.4057298967090837
2022-11-02,-1.6078019355846715
2022-11-03,0.8071274800157431
2022-11-04,-0.1768346298021559
2022-11-07,0.8960093839382056
2022-11-08,-1.2068610770284904
2022-11-09,0.6885686733804918
2022-11-10,-1.319005019242783
2022-11-11,2.1160787770777207
2022-11-14,-1.4486926640039453
2022-11-15,0.1899300351313765
2022-11-16,-2.0289614621243737
2022-11-17,1.2342255587939304
2022-11-18,0.8621298113374308
2022-11-21,-0.7714168040760502
2022-11-22,0.7443670290216637
2022-11-23,0.7282095134627138
2022-11-24,0.9027942624556812
2022-11-25,-0.04491788981452318
2022-11-28,0.5086207429999482
2022-11-29,0.6736605079798031
2022-11-30,2.706935447328704
2022-12-01,-1.7600749010270438
2022-12-02,-0.18340288617100767
2022-12-05,0.6189497331624072
2022-12-06,-0.5106350950945772
2022-12-07,-3.2144429598311355
2022-12-08,-0.30865389438311636
2022-12-09,-0.40099165127482744
2022-12-12,0.9116816459793183
2022-12-13,0.6467836307211106
2022-12-14,-0.053674159492488514
2022-12-15,-1.1264138494471119
2022-12-16,1.5284234545577045
2022-12-19,-0.20544908118375546
2022-12-20,-0.5288873204200281
2022-12-21,0.08416655551156084
2022-12-22,-0.07978077165272202
2022-12-23,-0.9187058432842267
2022-12-26,1.049817331369356
2022-12-27,-0.6444571964814113
2022-12-28,-0.06712978782906798
2022-12-29,0.05373475697017349
2022-12-30,0.21088367394353502
2023-01-02,-0.6440635045037674
2023-01-03,0.11503485381159241
2023-01-04,-1.0930978605411987
2023-01-05,-1.994402460646942
2023-01-06,-0.02750344958301119
2023-01-09,0.12379337565949426
2023-01-10,-3.448246435780567
2023-01-11,-1.7718305937642593
2023-01-12,2.0237832320750644
2023-01-13,-0.7528028957790971
2023-01-16,1.1588996184107545
2023-01-17,2.576950240422499
2023-01-18,-0.49999921083952265
2023-01-19,0.8635051096685887
2023-01-20,0.9482176193943879
2023-01-24,-0.7698941548477595
2023-01-25,-1.2175033615452102
2023-01-26,1.744939571124438
2023-01-27,1.906280308359903
2023-01-30,-0.46653091138645547
2023-01-31,-1.091034292448101
2023-02-01,-0.030076092773293112
2023-02-02,-0.6855793603320158
2023-02-03,2.7200566263106585
2023-02-06,-0.14296052179159743
2023-02-07,1.5420127034098428
2023-02-08,0.2670206223180058
2023-02-09,0.5839839050231704
2023-02-10,0.22482712850796915
2023-02-13,-0.06433420700899357
2023-02-14,0.8435230794302965
2023-02-15,-0.7659528586004359
2023-02-16,-0.8272404945149492
2023-02-17,0.5710225352449156
2023-02-20,0.014375634942271296
2023-02-21,-0.8476081231533023
2023-02-22,-1.173545472956068
2023-02-23,0.7195784386689934
2023-02-24,-0.30549907506245133
2023-02-27,0.8125635742023497
2023-02-28,-1.575980957174376
2023-03-01,0.11028725099539642
2023-03-02,0.9278174658226895
2023-03-03,-1.300004506975349
2023-03-06,0.1609564803849548
2023-03-07,0.6094161241623025
2023-03-08,0.9142546476756362
2023-03-09,0.3556807136535312
2023-03-10,-0.6603603274772235
2023-03-13,0.38083908132272065
2023-03-14,-3.125226752444474
2023-03-15,0.34634540567432825
2023-03-16,-0.5582031340365333
2023-03-17,2.3123258508624995
2023-03-20,-0.3686575896860184
2023-03-21,2.1571523289029586
2023-03-24,3.2119569995804973
2023-03-27,-1.2389380484664427
2023-03-28,-0.13162299710566236
2023-03-29,2.1475814006926135
2023-03-30,-0.7288864910390006
2023-03-31,-0.10072482914419663
2023-04-03,1.3191305613001083
2023-04-04,-0.3544847415882912
2023-04-05,0.038482326406292754
2023-04-06,-0.15619129585143698
2023-04-10,-0.1592497672689502
2023-04-11,0.2314583561753261
2023-04-12,0.947092656076466
2023-04-13,0.2676566651834345
2023-04-14,1.5529738634667922
2023-04-17,-1.114696024312747
2023-04-18,0.42266345150215373
2023-04-26,0.9347503608111155
2023-04-27,0.6373896868814503
2023-04-28,-0.8521459906976651
2023-05-02,0.804827787235924
2023-05-03,-0.947933021350322
2023-05-04,0.2836357422899269
2023-05-05,0.481936069699301
2023-05-08,-1.130774290913634
2023-05-09,-0.6073488015892424
2023-05-10,0.3268126713475294
2023-05-11,-0.21178954361117963
2023-05-12,-0.7546471378482655
2023-05-15,0.2368462406584472
2023-05-16,-0.3624723896932162
2023-05-17,0.352861888167012
2023-05-19,2.5982147425374778
2023-05-22,1.1249130155454956
2023-05-23,0.27331500258076874
2023-05-24,-0.09349673985784361
2023-05-25,-0.009843369455367753
2023-05-26,0.7951522723649278
2023-05-29,-0.13675562452473225
2023-05-30,0.060668495138706056
2023-05-31,-0.9307670186021632
2023-06-05,-0.19659219634965988
2023-06-06,-0.19299792232068777
2023-06-07,-0.6553001630128313
2023-06-08,0.5512294886130155
2023-06-09,0.25957407990657827
2023-06-12,-0.13432251378046356
2023-06-13,0.9132991396038115
2023-06-14,-0.6027512657321189
2023-06-15,0.24897161434555612
2023-06-16,0.31268930813641255
2023-06-19,-0.4973671493448526
2023-06-20,0.17215853854116311
2023-06-21,0.4249188638856867
2023-06-22,-1.0422406100617732
2023-06-23,-0.45977740441119574
2023-06-26,0.7259798036194497
2023-06-27,0.6053565578830451
2023-07-03,0.979397160953258
2023-07-04,-0.8734572053062091
2023-07-05,0.15835659877728883
2023-07-06,0.0962952380614917
2023-07-07,-1.4497999770628882
2023-07-10,0.40830448626797455
2023-07-11,0.6997349361319718
2023-07-12,0.860314102862216
2023-07-13,0.13085055047005778
2023-07-14,1.0385190516730878
2023-07-17,0.05491346087238138
2023-07-18,0.05127411929547371
2023-07-20,1.0728898423152113
2023-07-21,0.15048889095767706
2023-07-24,-0.6327826090761431
2023-07-25,0.7806002009867568
2023-07-26,1.0177345005281444
2023-07-27,-0.29818424474329613
2023-07-28,0.37188772384031504
2023-07-31,-0.14781120910662598
2023-08-01,-0.14587895223147337
2023-08-02,0.5665353853132591
2023-08-03,0.7603969931324044
2023-08-04,-1.2454440710864338
2023-08-07,1.7636848034060542
2023-08-08,-0.5706062072804069
2023-08-09,1.1583823919894811
2023-08-10,0.4210569632424273
2023-08-11,-0.5738027730653608
2023-08-14,-0.03742507557170185
2023-08-15,-1.4752844041448732
2023-08-16,-0.30029762693687195
2023-08-18,-0.023383107789857454
2023-08-21,-0.4354891057177599
2023-08-22,1.6102806309295288
2023-08-23,-0.4158362605325194
2023-08-24,-0.09434432800735171
2023-08-25,0.2883079759250602
2023-08-28,-0.009367154289838217
2023-08-29,0.20069461258003116
2023-08-30,-0.4903567220289151
2023-08-31,0.33756028251091896
2023-09-01,0.6064650962993113
2023-09-04,0.4345156367717915
2023-09-05,0.0
2023-09-06,-0.844086626053408
2023-09-07,-1.6433471518271767
2023-09-08,-0.6578999947295818
2023-09-11,0.6049850760165508
2023-09-12,-0.6825781395435925
2023-09-13,-0.07917273997584341
2023-09-14,0.10290763727340163
2023-09-15,-0.10957865798798412
2023-09-18,-0.4524752368704755
2023-09-19,1.1483973581080276
2023-09-20,0.6884320946666276
2023-09-21,-0.6606817967077243
2023-09-22,-0.18315191850892606
2023-09-25,-0.5896280531523843
2023-09-26,-1.2399240298922252
2023-09-27,0.29865481190934934
2023-09-29,-0.049725816956318024
2023-10-02,1.228297879225073
2023-10-03,0.7518086182013649
2023-10-04,0.11487009305330126
2023-10-05,-0.9356179656585172
2023-10-06,-0.7328707113974667
2023-10-09,-0.9302579949924441
2023-10-10,0.4202456965584072
2023-10-11,0.7562499386120677
2023-10-12,0.9170332593108436
2023-10-13,-0.06564945797027388
2023-10-16,-0.34214083039219095
2023-10-17,-1.3336722021352256
2023-10-18,-1.218458863946491
2023-10-19,-2.08405947222731
2023-10-20,1.3232311785946758
2023-10-23,-1.2368318289874536
2023-10-24,0.8140296897150433
2023-10-25,1.4390803903515872
2023-10-26,-3.1184123009114697
2023-10-27,0.4420003169893428
2023-10-30,0.7156971676844243
2023-10-31,-0.9389255143069734
2023-11-01,-1.6088635060471015
2023-11-02,3.5514493395429305
2023-11-03,0.42142924651036995
2023-11-06,1.7717856051663043
2023-11-07,-0.2409079859418892
2023-11-08,-0.208532856091298
2023-11-09,-0.01772371015258506
2023-11-10,-2.0378653890266336
2023-11-13,0.14564860454158293
2023-11-14,0.5172981949300722
2023-11-15,2.1610598549562443
2023-11-16,0.09195279615220879
2023-11-17,-0.30005092112722215
2023-11-20,-0.7252719266560977
2023-11-21,-0.6966982459867781
2023-11-22,0.8550529003767074
2023-11-23,0.7994060809721516
2023-11-24,0.16853230804383945
2023-11-27,-0.35579611922654125
2023-11-28,0.0
2023-11-29,-0.5029227992801728
2023-11-30,0.12211968892663767
2023-12-01,0.6613096855114523
2023-12-04,1.547372531981723
2023-12-05,-0.5370937784234852
2023-12-06,-1.5207863510392752
2023-12-07,0.11177171328047238
2023-12-08,-1.1900658537206172
2023-12-11,-0.03266429715363802
2023-12-12,0.10982998854802471
2023-12-13,-0.6866364086782927
2023-12-14,4.231977215528018
2023-12-15,0.35711966501106374
2023-12-18,-0.2511681459267047
2023-12-19,0.7624360941650351
2023-12-20,-0.10041254894952156
2023-12-21,0.5194077185907945
2023-12-22,0.5926127500983217
2023-12-27,0.022440640289727604
2023-12-28,1.363468301157791
2023-12-29,-0.4106815687705898
2024-01-02,0.6995325559236512
2024-01-03,-0.8461186712054758
2024-01-04,2.371533309001719
2024-01-05,1.0324763588427601
2024-01-08,-0.8625832129919792
2024-01-09,0.4846580292235272
2024-01-10,-0.0003414428218460053
2024-01-11,0.5077162334541275
2024-01-12,1.6468908447697135
2024-01-15,-0.43936897382071677
2024-01-16,0.04215613360458113
2024-01-17,-0.11597553620882883
2024-01-18,-0.40201633135783954
2024-01-19,0.11589450169634614
2024-01-22,-0.2719453557788816
2024-01-23,-0.5224384169260808
2024-01-24,-1.0719304081126177
2024-01-25,-1.490830535142856
2024-01-26,-1.0068246524507194
2024-01-29,2.5279432746859083
2024-01-30,1.5337900345943483
2024-01-31,0.09427943244085506
2024-02-01,0.30554857049431644
2024-02-02,1.2048709377331486
2024-02-05,-0.12168525307694367
2024-02-06,0.5828475934335872
2024-02-07,0.884587711797764
2024-02-12,2.0361736789177707
2024-02-13,-0.7486629885952958
2024-02-15,1.9332231088151934
2024-02-16,0.47248167635654176
2024-02-19,-0.756609301602715
2024-02-20,1.577887530083266
2024-02-21,0.2963004987032083
2024-02-22,-1.298352408615299
2024-02-23,-1.0781977787586283
2024-02-26,0.18607185406731844
2024-02-27,0.10112591126721952
2024-02-28,1.1938569388549984
2024-02-29,-1.5490962964082355
2024-03-01,-0.05037143580864371
2024-03-04,-0.6661156793350526
2024-03-05,0.5811874097383113
2024-03-06,1.1484290883672716
2024-03-07,0.8328850701006733
2024-03-08,0.8620814462104901
2024-03-13,0.459623395498653
2024-03-14,1.5527669340070738
2024-03-15,-1.5320780192099415
2024-03-18,-0.8900621442421371
2024-03-19,0.5433695455206838
2024-03-20,1.0021444202774206
2024-03-21,0.0
2024-03-22,0.05393365668329667
2024-03-25,2.282681469526139
2024-03-26,-0.16383367369226734
2024-03-27,-0.18278975102543535
2024-03-28,-0.7374834781161771
2024-04-01,-3.0981084099901195
2024-04-02,-1.2682224093477383
2024-04-03,-2.1915543462112965
2024-04-04,2.0482997555663656
2024-04-05,-0.6217050152430513
2024-04-16,-4.019146295492814
2024-04-17,-0.1375570338531409
2024-04-18,1.7764875758635317
2024-04-19,-1.6101431573031377
2024-04-22,-0.28507819200883233
2024-04-23,1.8027990758663872
2024-04-24,1.3685329455996387
2024-04-25,-1.549613369797985
2024-04-26,-3.6271215900876768
2024-04-29,1.0371237056580884
2024-04-30,1.0467483636062818
2024-05-02,-4.99900479050808
2024-05-03,0.025640288117690552
2024-05-06,0.780605979809884
2024-05-07,-1.1875994178823706
2024-05-08,-1.0646724307282114
2024-05-13,0.12830014905756526
2024-05-14,0.44161655502723646
2024-05-15,1.3811384935233029
2024-05-16,0.35609555463809417
2024-05-17,2.223920859557802
2024-05-20,-2.9303213993014694
2024-05-21,-2.9559537600849928
2024-05-22,0.5990251602250615
2024-05-27,-2.931073905980151
2024-05-28,0.5608984124165924
2024-05-29,-2.2880331866935553
2024-05-30,-0.35023614786553375
2024-05-31,0.7490250399927607
2024-06-03,2.629433234029172
2024-06-04,-0.053359843724323196
2024-06-05,-0.8451232435140584
2024-06-06,1.7954758955872911
2024-06-07,-1.1264833421771518
2024-06-10,1.0883122892250385
2024-06-11,-2.0610120580504625
2024-06-12,-1.2095793452384263
2024-06-13,-0.7710864873956597
2024-06-14,-1.7377644920155844
2024-06-19,-1.1920991731929835
2024-06-20,3.8473043049023055
2024-06-21,2.8808486849550423
2024-06-24,-0.9889733454227461
2024-06-25,-0.5711498033266981
2024-06-26,-0.8498654345810928
2024-06-27,2.38929751688714
2024-06-28,2.446323044282798
2024-07-01,0.5859825090746752
2024-07-02,-0.6182462172194239
2024-07-03,0.6872546285487094
2024-07-04,0.8942406659214907
2024-07-05,1.4114323388831889
2024-07-08,-1.0698115150766982
2024-07-09,1.7081483189818296
2024-07-10,-0.05456751673134185
2024-07-11,-0.020938615360430974
2024-07-12,0.5406351128950839
2024-07-15,-1.0229273598201607
2024-07-16,-0.9616236364140539
2024-07-17,0.22525655092275343
2024-07-18,2.4160853753348386
2024-07-19,0.023032695199323844
2024-07-22,0.8677734984818001
2024-07-23,-0.9534128974725583
2024-07-24,-1.1622757886391983
2024-07-25,0.6844870359248961
2024-07-26,0.3766645757960678
2024-07-29,-0.4871347599662676
2024-07-30,-1.0208492655279204
2024-07-31,-0.06235309526437164
2024-08-01,2.663849655128681
2024-08-02,-0.6029312539321053
2024-08-05,-3.499851192557095
2024-08-06,1.1829658214410328
2024-08-07,1.222593815862215
2024-08-08,0.8201428186265968
2024-08-09,0.07025082182360198
2024-08-12,0.4775316528579185
2024-08-13,1.0885154705559634
2024-08-14,0.7288775144807117
2024-08-15,-0.08572547099390833
2024-08-16,0.5608208955621281
2024-08-19,0.44344588245818456
2024-08-20,1.2796633202894216
2024-08-21,1.2257806805484388
2024-08-22,-1.5821532589442358
2024-08-23,0.6536141512737565
2024-08-26,0.9570012974017471
2024-08-27,-1.3200044604346381
2024-08-28,1.2609392796947432
2024-08-29,-1.1489886331165673
2024-08-30,0.6037893304180743
2024-09-02,0.3486527957306366
2024-09-03,-0.9097881717447244
2024-09-04,0.3882164103159072
2024-09-05,0.16300415700216694
2024-09-06,0.9907629197544917
2024-09-09,-0.4015148324536652
2024-09-10,0.722049346043721
2024-09-11,0.3308646373705879
2024-09-12,-0.18122690166236177
2024-09-13,0.5217375036146364
2024-09-17,0.919245647263999
2024-09-18,0.5950544275498397
2024-09-19,1.1618446613029567
2024-09-20,-0.9926691486696626
2024-09-23,1.9813355920619928
2024-09-24,-0.4206527410521875
2024-09-25,-2.10077352799707
2024-09-26,-2.347467102882885
2024-09-27,-0.41356130786663964
2024-09-30,-2.624480357182022
2024-10-01,2.1462164520634803
2024-10-02,-1.4135738533139828
2024-10-03,0.06217257824885573
2024-10-04,-0.8055477996619747
2024-10-07,-1.1987442253123677
2024-10-08,2.5000599010667393
2024-10-09,-0.9841201816890196
2024-10-10,-0.23773666949510128
2024-10-11,-0.12597795934204992
2024-10-14,0.27908145525964484
2024-10-15,1.1265769294255097
2024-10-16,-0.5085555412816888
2024-10-17,2.0421874042688892
2024-10-18,-0.22088455586385325
2024-10-21,0.01644029433637534
2024-10-22,-1.7414517807630847
2024-10-23,0.19959510322697205
2024-10-24,-0.5938574929458796
2024-10-25,0.16431836437270475
2024-10-28,-1.6195139668298555
2024-10-29,-0.7388002411493823
2024-10-30,-0.7771060426147702
2024-10-31,0.05947011808992161
2024-11-01,-0.38716434623138324
2024-11-04,0.47880932981392993
2024-11-05,1.1816901081623656
2024-11-06,-2.802593392777687
2024-11-07,-1.8955223859499302
2024-11-08,-1.072611882457723
2024-11-11,-0.39677322865528003
2024-11-12,0.7586363264888994
2024-11-13,0.8478079835253917
2024-11-14,-1.0124188781045833
2024-11-15,-0.10732846349519393
2024-11-18,-1.6168633501664493
2024-11-19,-0.5720260904282771
2024-11-20,0.13626316266481042
2024-11-21,-1.6126854368857642
2024-11-22,1.6938315739291696
2024-11-25,3.2979783840457113
2024-11-26,-2.003641032582785
2024-11-28,-0.2751581043882803
2024-11-29,-2.209223991277169
2024-12-02,-2.3004417391920375
2024-12-03,3.5527241980680877
2024-12-04,1.3807723861403467
2024-12-05,-1.7316276178488075
2024-12-06,0.21899102746540722
2024-12-09,2.304370395320125
2024-12-10,-0.6230543982497259
2024-12-11,0.3932330093962522
2024-12-12,-2.674117096389655
2024-12-13,-1.6725141452803294
2024-12-16,1.0743391740076513
2024-12-17,-2.153397063094999
2024-12-18,-1.0461586218204284
2024-12-19,-1.7829598733290581
2024-12-20,-0.3316453160501903
2024-12-23,2.5079371266595483
2024-12-24,-0.5965974307288658
2024-12-27,0.744877242545761
2024-12-30,-1.1706266526763407
